statistic_yyy,site_id,village,edu_age_15up_total,edu_doctor_graduated_m,edu_doctor_ungraduated_m,edu_master_graduated_m,edu_master_ungraduated_m,edu_university_graduated_m,edu_university_ungraduated_m,edu_juniorcollege_2ys_graduated_m,edu_juniorcollege_2ys_ungraduated_m,edu_juniorcollege_5ys_final2y_graduated_m,edu_juniorcollege_5ys_final2y_ungraduated_m,edu_juniorcollege_5ys_first3y_ungraduated_m,edu_senior_graduated_m,edu_senior_ungraduated_m,edu_seniorvocational_graduated_m,edu_seniorvocational_ungraduated_m,edu_junior_graduated_m,edu_junior_ungraduated_m,edu_juniorvocational_graduated_m,edu_juniorvocational_ungraduated_m,edu_primary_graduated_m,edu_primary_ungraduated_m,edu_selftaughtl_m,edu_illiterate_m
統計年,區域別,村里名稱,總計,博畢_男,博肄_男,碩畢_男,碩肄_男,大畢_男,大肄_男,二畢_男,二肄_男,後二畢_男,後二肄_男,前三肄_男,高畢_男,高肄_男,職畢_男,職肄_男,國畢_男,國肄_男,初畢_男,初肄_男,小畢_男,小肄_男,自修_男,不識_男
104,臺北市松山區,莊敬里,4977,23,9,187,53,630,170,160,22,155,7,3,188,57,293,87,145,28,2,1,160,11,3,3
104,臺北市松山區,東榮里,7114,87,16,531,84,1166,234,160,18,220,7,10,158,131,204,56,73,30,4,0,41,6,0,1
104,臺北市松山區,三民里,6193,42,13,406,60,1027,179,162,16,221,8,6,158,60,217,57,84,25,2,0,44,10,1,2
104,臺北市松山區,新益里,4307,20,13,230,30,621,154,111,12,158,5,4,144,54,218,40,90,16,3,0,86,4,4,0
104,臺北市松山區,富錦里,4713,39,10,268,47,759,151,126,20,152,10,4,129,53,172,40,62,17,1,0,58,10,0,1
104,臺北市松山區,新東里,4459,29,9,239,41,621,162,125,25,179,7,3,147,66,221,61,68,17,4,0,78,5,0,0
104,臺北市松山區,富泰里,4221,25,8,262,49,631,123,106,5,134,3,5,103,58,153,32,55,19,0,0,28,5,0,0
104,臺北市松山區,介壽里,3937,44,10,291,37,662,116,103,13,110,6,4,91,61,145,27,60,21,1,0,34,8,0,1
104,臺北市松山區,精忠里,3874,60,9,274,52,615,150,93,8,109,7,7,92,76,106,35,44,21,1,1,29,5,1,2
104,臺北市松山區,東光里,6704,49,17,391,53,1114,227,158,7,228,9,4,189,94,260,79,88,37,3,0,82,19,0,3
104,臺北市松山區,龍田里,8984,77,36,700,94,1582,270,210,18,276,14,9,181,159,207,83,73,54,4,0,55,7,0,1
104,臺北市松山區,東昌里,2382,26,10,178,26,359,100,43,10,82,3,3,47,33,79,23,28,9,0,0,23,2,2,1
104,臺北市松山區,東勢里,3964,31,12,260,54,596,130,114,6,126,3,5,102,74,143,33,53,19,0,0,43,8,0,1
104,臺北市松山區,中華里,5561,80,13,492,54,984,187,130,10,138,7,3,113,89,130,41,48,28,5,0,25,3,0,1
104,臺北市松山區,民有里,7973,74,20,542,75,1316,273,210,18,246,8,7,199,118,264,63,97,37,2,0,56,16,0,4
104,臺北市松山區,民福里,5974,37,16,292,56,884,194,181,26,206,7,6,205,78,279,76,121,29,3,4,91,11,0,1
104,臺北市松山區,慈祐里,7298,16,8,255,65,853,229,257,41,205,19,9,319,109,509,135,271,64,6,1,202,57,6,9
104,臺北市松山區,安平里,7714,41,11,349,80,995,258,236,29,234,9,12,245,114,437,98,204,46,4,0,235,20,5,4
104,臺北市松山區,鵬程里,5115,32,8,265,50,743,215,139,15,170,6,8,186,73,238,73,111,26,0,0,74,3,0,2
104,臺北市松山區,自強里,8848,63,25,646,78,1360,305,235,30,337,14,6,293,169,273,100,123,38,2,0,58,21,2,0
104,臺北市松山區,吉祥里,7736,58,20,466,77,1168,255,209,22,287,15,8,211,99,328,78,124,32,4,0,105,13,1,2
104,臺北市松山區,新聚里,7303,52,18,395,69,999,295,208,28,220,10,10,226,96,330,84,145,32,3,1,102,20,1,1
104,臺北市松山區,復盛里,5876,35,13,313,55,825,199,174,28,188,11,7,199,63,290,70,124,23,2,0,107,12,2,4
104,臺北市松山區,中正里,8351,78,23,624,87,1233,296,224,27,237,7,8,192,153,269,70,85,56,2,0,74,9,2,1
104,臺北市松山區,中崙里,3644,28,8,232,45,456,140,101,11,112,6,3,81,66,175,35,57,24,3,1,50,6,0,0
104,臺北市松山區,美仁里,3061,25,8,189,29,461,98,67,7,97,1,1,97,54,127,31,55,28,2,0,49,4,0,0
104,臺北市松山區,吉仁里,3566,22,9,203,37,542,135,85,8,105,9,3,113,61,145,47,47,18,2,0,49,4,0,0
104,臺北市松山區,敦化里,6161,55,21,401,75,928,204,157,22,194,14,6,178,95,226,66,89,37,0,0,71,7,1,4
104,臺北市松山區,復源里,2844,20,7,195,27,394,94,76,8,94,3,5,78,46,131,29,56,14,1,0,34,1,0,0
104,臺北市松山區,復建里,3975,28,6,287,33,587,134,104,16,135,8,2,122,58,162,54,41,24,2,0,42,3,2,1
104,臺北市松山區,復勢里,5520,34,11,345,44,833,191,141,15,156,15,8,165,73,210,69,72,22,5,0,67,8,1,2
104,臺北市松山區,福成里,2418,27,4,179,21,374,91,45,4,74,1,1,62,44,82,21,26,17,1,0,15,3,1,1
104,臺北市松山區,松基里,3331,34,6,221,20,505,106,69,9,100,6,4,94,44,117,31,59,17,1,0,64,7,1,3
104,臺北市信義區,西村里,5454,34,16,302,54,789,251,145,4,205,1,7,212,93,238,33,151,80,2,0,114,37,6,9
104,臺北市信義區,正和里,4194,33,15,280,41,676,142,107,3,137,1,5,88,53,129,33,41,13,0,1,25,8,2,1
104,臺北市信義區,興隆里,2620,24,7,159,26,393,112,49,0,63,2,0,70,46,80,15,52,19,1,2,43,8,4,2
104,臺北市信義區,中興里,3114,19,14,189,33,463,106,70,7,95,0,2,75,36,118,16,46,15,0,0,31,5,0,1
104,臺北市信義區,新仁里,3138,24,9,214,44,494,123,67,11,123,10,3,74,47,84,28,39,17,0,0,31,3,0,0
104,臺北市信義區,興雅里,5344,33,16,302,50,769,215,161,5,185,0,9,188,64,237,55,93,16,1,1,93,5,1,2
104,臺北市信義區,敦厚里,4837,28,20,297,60,672,205,136,9,166,0,12,152,54,195,31,87,25,1,0,82,4,0,0
104,臺北市信義區,廣居里,7060,54,22,460,82,1014,301,209,7,247,0,12,179,101,290,54,114,36,2,0,83,6,2,0
104,臺北市信義區,安康里,9050,92,39,674,99,1403,354,233,8,250,0,8,222,157,310,70,119,49,2,0,90,11,5,1
104,臺北市信義區,六藝里,3400,12,4,158,34,366,155,126,4,91,0,6,138,62,188,58,106,28,3,2,97,9,5,3
104,臺北市信義區,雅祥里,4546,30,9,253,47,520,210,139,10,130,2,6,128,53,279,60,161,31,1,0,126,10,2,1
104,臺北市信義區,五常里,3465,14,10,161,36,444,143,119,10,121,0,5,116,46,173,37,96,15,1,0,108,5,3,2
104,臺北市信義區,五全里,4669,12,14,202,42,574,155,148,13,176,0,8,147,67,277,51,124,22,3,0,136,9,2,3
104,臺北市信義區,永吉里,3760,8,2,99,22,374,190,100,3,108,2,5,148,49,288,50,231,30,3,2,175,17,3,4
104,臺北市信義區,長春里,3909,17,8,138,36,411,201,112,4,104,1,5,162,42,240,56,161,20,4,0,167,9,1,5
104,臺北市信義區,四育里,5283,24,9,217,47,636,251,168,9,165,0,7,194,71,330,59,165,31,5,1,137,5,2,5
104,臺北市信義區,四維里,5022,26,9,238,67,716,206,141,9,144,1,7,173,64,293,39,124,21,4,0,99,8,2,4
104,臺北市信義區,永春里,4565,13,13,194,43,520,221,140,14,153,1,3,148,55,284,59,151,22,6,0,125,11,4,2
104,臺北市信義區,富台里,3964,12,14,224,34,496,176,111,5,143,0,5,134,57,156,45,76,27,2,0,69,5,1,2
104,臺北市信義區,國業里,6745,46,18,436,77,953,285,200,14,210,0,9,198,99,247,59,121,40,1,3,115,8,1,2
104,臺北市信義區,松隆里,2141,4,4,81,15,203,103,70,4,62,0,1,78,26,150,30,95,25,1,0,79,5,1,6
104,臺北市信義區,松友里,6105,22,18,304,60,809,255,190,12,199,2,8,210,69,304,57,126,25,7,1,120,5,3,1
104,臺北市信義區,松光里,4598,25,8,248,44,602,195,145,3,153,0,3,164,44,248,46,120,20,1,0,115,5,2,1
104,臺北市信義區,中坡里,4154,10,10,196,36,497,191,133,6,139,2,2,150,40,238,53,123,24,2,1,112,6,3,3
104,臺北市信義區,中行里,7440,35,14,267,79,879,360,222,17,226,3,12,277,84,473,93,233,53,4,2,235,13,6,8
104,臺北市信義區,大道里,5708,28,11,298,52,806,236,158,5,207,1,6,173,69,319,53,163,32,4,1,136,6,0,3
104,臺北市信義區,大仁里,3786,24,7,153,36,414,142,133,7,127,2,4,121,37,226,43,156,32,4,0,108,6,2,2
104,臺北市信義區,景新里,4666,42,11,285,44,725,185,129,3,128,0,5,127,76,162,34,75,23,4,1,59,6,2,5
104,臺北市信義區,惠安里,6133,28,18,263,79,751,325,192,8,205,1,6,200,69,314,66,197,34,1,0,151,12,2,7
104,臺北市信義區,三張里,8256,64,21,441,83,1132,354,232,34,262,14,8,304,119,368,76,184,36,3,2,164,11,4,9
104,臺北市信義區,三犁里,4836,46,15,293,52,693,214,122,8,133,0,2,187,50,183,39,89,32,3,2,91,4,0,2
104,臺北市信義區,六合里,6387,52,18,383,87,903,268,186,8,205,0,9,187,87,259,62,158,28,3,1,95,18,1,4
104,臺北市信義區,泰和里,7304,30,17,292,62,793,316,240,9,203,3,10,315,83,442,113,240,49,3,0,215,24,4,3
104,臺北市信義區,景聯里,4296,25,18,268,48,599,203,107,10,143,0,4,133,45,173,31,90,16,6,1,84,6,2,5
104,臺北市信義區,景勤里,3770,14,16,185,40,426,165,119,7,151,0,8,136,52,227,31,116,27,3,2,98,7,2,2
104,臺北市信義區,雙和里,6540,36,28,312,92,887,267,201,7,218,3,5,250,96,299,64,148,29,3,0,126,8,1,3
104,臺北市信義區,嘉興里,3009,20,9,138,27,416,133,93,3,97,0,2,92,33,163,22,65,15,1,1,60,4,1,0
104,臺北市信義區,黎順里,3902,32,14,195,43,500,184,116,5,111,1,4,124,61,198,38,103,22,2,1,101,10,1,0
104,臺北市信義區,黎平里,6553,46,18,354,72,887,274,209,10,195,2,12,182,74,309,62,156,35,3,2,143,12,2,4
104,臺北市信義區,黎忠里,4476,18,15,204,34,499,182,154,7,132,2,2,191,64,237,45,162,21,3,0,119,7,0,5
104,臺北市信義區,黎安里,2017,2,1,35,13,158,108,55,3,39,0,2,102,28,118,31,123,22,4,1,131,22,11,2
104,臺北市大安區,德安里,5105,61,20,380,43,840,156,111,12,144,13,4,153,78,139,33,51,20,1,0,22,9,0,1
104,臺北市大安區,仁慈里,4624,72,21,378,59,751,140,103,11,118,4,3,101,100,104,33,40,27,0,0,38,6,2,1
104,臺北市大安區,和安里,6051,75,19,500,65,963,229,137,15,168,7,6,154,129,162,54,64,45,3,0,38,9,0,0
104,臺北市大安區,民炤里,7170,127,28,641,71,1176,214,148,16,174,6,7,143,109,193,27,69,31,2,0,38,13,4,1
104,臺北市大安區,仁愛里,4781,74,9,308,33,828,133,106,7,126,11,3,119,74,112,30,67,18,1,0,27,7,8,5
104,臺北市大安區,義村里,5538,57,18,380,60,883,173,138,12,205,9,2,191,68,194,48,83,24,1,0,53,8,4,2
104,臺北市大安區,民輝里,6319,105,24,469,71,985,226,113,19,171,9,10,157,77,202,47,117,29,1,0,80,13,2,4
104,臺北市大安區,昌隆里,2872,42,13,217,18,533,89,55,1,104,1,1,87,28,81,16,31,7,3,0,29,4,0,0
104,臺北市大安區,誠安里,3890,42,6,251,29,622,120,88,5,119,4,6,124,52,143,29,54,17,5,1,39,9,1,4
104,臺北市大安區,光武里,6948,64,12,443,62,1090,213,126,19,194,12,3,224,84,219,47,94,38,2,0,72,8,3,0
104,臺北市大安區,龍坡里,5113,222,20,479,66,741,160,102,8,111,5,3,89,92,108,30,49,28,1,0,29,3,1,1
104,臺北市大安區,龍泉里,4239,87,23,359,53,604,121,101,10,125,5,6,81,62,123,30,53,18,3,0,34,5,1,2
104,臺北市大安區,古風里,3796,75,13,306,44,593,129,85,19,94,3,6,88,52,101,27,47,16,0,0,38,4,1,0
104,臺北市大安區,古莊里,6311,103,24,517,85,914,192,126,15,152,8,3,166,114,193,42,76,23,3,0,68,9,7,0
104,臺北市大安區,龍安里,6993,153,28,524,59,966,230,149,18,189,14,11,243,130,251,61,190,70,3,0,96,50,12,7
104,臺北市大安區,錦安里,5172,119,34,458,53,810,150,99,13,138,3,4,102,101,113,31,34,33,4,0,35,3,0,1
104,臺北市大安區,福住里,5447,101,25,484,59,846,171,102,13,113,7,4,100,98,132,36,43,28,2,0,27,3,0,0
104,臺北市大安區,永康里,3250,44,5,258,36,528,79,77,6,102,4,2,104,55,102,20,26,16,1,0,33,4,1,2
104,臺北市大安區,光明里,3011,43,10,247,42,450,97,72,12,69,6,2,75,71,116,21,25,17,0,1,28,5,3,1
104,臺北市大安區,錦泰里,3099,66,15,256,33,498,93,72,6,83,6,3,59,60,89,18,26,21,1,0,17,2,0,0
104,臺北市大安區,錦華里,4841,90,27,430,61,782,148,83,9,119,6,6,120,92,129,31,42,28,1,0,40,1,1,0
104,臺北市大安區,龍圖里,6140,92,20,451,73,971,209,165,16,186,5,6,150,82,203,45,67,20,4,0,54,3,2,3
104,臺北市大安區,新龍里,6079,78,36,475,81,1009,226,129,15,176,3,7,149,106,137,42,45,27,0,0,33,10,0,0
104,臺北市大安區,龍陣里,3305,38,10,235,37,530,127,81,6,93,4,1,95,57,106,22,37,15,1,0,46,7,2,1
104,臺北市大安區,龍雲里,4439,51,13,327,37,649,148,96,16,118,5,3,144,59,164,31,55,27,0,0,58,8,1,0
104,臺北市大安區,龍生里,5842,101,25,469,65,866,202,134,17,153,6,5,145,87,166,63,56,22,0,0,47,7,0,4
104,臺北市大安區,住安里,4788,43,9,241,45,628,156,123,25,128,5,6,150,98,226,49,107,25,0,0,101,11,1,4
104,臺北市大安區,義安里,4912,68,9,366,55,816,172,79,16,134,4,3,141,79,116,31,48,34,3,0,51,9,2,1
104,臺北市大安區,通化里,5666,38,11,286,38,729,162,153,26,173,6,3,220,81,294,77,171,27,1,1,146,20,1,4
104,臺北市大安區,通安里,5130,30,11,279,42,696,170,144,24,170,8,4,170,57,255,52,143,25,4,0,103,10,1,0
104,臺北市大安區,臨江里,3828,26,9,130,31,435,110,112,24,104,10,6,145,49,247,67,115,31,5,0,109,16,6,4
104,臺北市大安區,法治里,4133,28,13,289,42,613,127,80,11,139,8,3,123,90,147,34,47,26,1,0,59,3,2,2
104,臺北市大安區,全安里,3999,41,10,307,37,702,125,99,8,112,4,4,93,51,102,22,49,18,3,0,29,2,0,0
104,臺北市大安區,群賢里,5443,72,12,410,50,899,156,98,18,120,5,2,139,91,154,42,61,20,0,0,61,3,1,4
104,臺北市大安區,群英里,6540,84,24,518,88,1045,219,161,18,212,9,4,166,100,170,51,53,33,1,0,25,9,1,2
104,臺北市大安區,虎嘯里,3429,41,8,253,35,575,114,60,7,119,3,3,86,44,86,24,32,10,2,0,27,1,0,0
104,臺北市大安區,臥龍里,1737,27,3,129,18,283,48,40,4,45,1,2,48,26,57,13,15,12,2,0,25,1,1,0
104,臺北市大安區,龍淵里,8075,171,46,702,93,1193,243,182,18,186,10,4,175,143,240,70,94,32,3,0,70,7,0,2
104,臺北市大安區,龍門里,3763,86,10,349,26,674,119,55,10,87,2,3,74,57,86,19,32,24,2,0,18,2,1,0
104,臺北市大安區,大學里,7589,225,43,650,86,1122,240,155,15,174,7,1,195,126,210,60,59,27,3,0,59,12,5,1
104,臺北市大安區,芳和里,5336,34,13,298,50,694,163,160,16,193,8,2,205,75,265,55,147,31,3,0,122,15,2,5
104,臺北市大安區,黎元里,5075,19,13,214,42,552,126,158,31,148,12,4,220,73,354,75,160,26,3,1,174,15,5,6
104,臺北市大安區,黎孝里,7065,44,22,383,66,1042,206,200,26,208,10,4,269,92,344,87,143,40,4,1,130,15,3,7
104,臺北市大安區,黎和里,4502,27,15,236,39,620,111,122,13,128,9,0,157,70,234,64,127,32,0,1,94,18,1,1
104,臺北市大安區,建安里,4487,55,14,318,41,732,143,84,12,115,4,2,115,77,111,20,40,20,1,0,27,3,2,0
104,臺北市大安區,建倫里,5581,81,8,376,39,969,166,113,9,159,9,3,152,81,137,25,48,20,0,1,34,4,1,1
104,臺北市大安區,敦安里,5589,80,14,440,48,920,176,102,17,145,10,1,133,96,162,40,51,22,1,0,34,5,1,1
104,臺北市大安區,正聲里,4355,55,14,349,47,737,127,87,9,127,2,4,112,68,97,41,59,15,0,0,31,6,4,3
104,臺北市大安區,敦煌里,5337,73,20,460,54,926,146,95,14,118,3,5,124,83,119,20,45,20,2,1,35,7,3,1
104,臺北市大安區,華聲里,3858,38,15,278,37,590,113,87,11,122,3,2,95,70,145,30,47,19,1,0,37,4,1,2
104,臺北市大安區,車層里,5701,66,12,409,49,1004,155,122,15,170,10,1,154,79,152,33,68,25,1,0,38,6,2,2
104,臺北市大安區,光信里,6957,92,15,472,63,1148,206,143,18,164,9,5,191,112,196,70,102,47,2,0,80,10,4,3
104,臺北市大安區,學府里,2568,200,8,105,19,211,83,51,14,61,4,3,125,45,145,36,101,20,1,0,88,7,4,2
104,臺北市中山區,正守里,2947,15,10,152,26,410,87,66,13,110,8,4,108,43,150,41,77,16,1,3,65,8,0,3
104,臺北市中山區,正義里,4828,26,5,167,32,550,151,127,25,136,3,2,173,71,272,65,128,34,3,1,77,9,4,1
104,臺北市中山區,正得里,3432,31,9,181,31,464,88,81,10,99,8,2,108,38,138,31,67,14,4,0,48,7,2,2
104,臺北市中山區,民安里,4286,31,8,230,37,583,117,86,18,150,12,7,160,70,203,43,124,25,3,1,82,10,2,4
104,臺北市中山區,康樂里,2448,13,6,118,23,282,58,56,9,61,6,4,100,23,119,28,66,11,0,0,31,4,1,1
104,臺北市中山區,中山里,5882,27,8,249,39,700,166,173,19,166,12,4,212,67,284,65,124,36,5,0,111,17,0,3
104,臺北市中山區,聚盛里,3839,21,5,138,28,454,84,107,20,101,12,2,170,35,207,54,108,26,5,0,61,9,2,2
104,臺北市中山區,集英里,6372,45,22,248,45,723,221,154,21,210,16,11,217,104,324,81,170,49,7,2,130,15,5,4
104,臺北市中山區,聚葉里,3619,21,10,161,29,414,106,97,22,106,3,3,143,40,196,61,82,18,3,0,88,9,3,1
104,臺北市中山區,恆安里,4333,21,7,184,24,557,96,115,13,120,8,2,131,49,212,58,98,23,3,0,71,15,4,2
104,臺北市中山區,晴光里,4840,34,10,236,40,622,135,105,26,161,11,2,166,50,216,63,111,28,3,0,67,10,6,1
104,臺北市中山區,圓山里,3891,27,8,139,27,511,116,89,21,125,6,3,143,50,183,55,111,30,4,1,79,8,5,2
104,臺北市中山區,劍潭里,3404,35,6,163,30,546,100,81,21,123,9,1,118,45,155,48,75,21,1,0,61,7,1,1
104,臺北市中山區,大直里,8465,82,17,590,96,1292,307,161,29,280,4,9,206,101,311,83,155,59,6,1,118,21,0,1
104,臺北市中山區,成功里,5723,57,15,451,55,850,201,91,14,151,8,7,105,127,162,48,96,43,3,0,58,12,0,1
104,臺北市中山區,永安里,8326,93,19,626,88,1198,325,175,21,279,8,5,172,145,279,64,153,49,3,2,85,22,0,5
104,臺北市中山區,大佳里,981,1,1,17,4,92,26,21,9,17,0,0,38,12,72,40,86,13,1,0,84,11,4,1
104,臺北市中山區,新喜里,4908,16,12,197,47,532,176,138,26,138,6,5,205,63,293,77,141,27,10,0,137,8,2,4
104,臺北市中山區,新庄里,4624,19,9,177,39,500,136,123,23,179,12,6,174,55,265,74,152,31,4,3,121,3,2,3
104,臺北市中山區,新福里,4693,22,8,177,32,538,145,118,27,163,11,3,181,63,253,54,136,51,5,2,139,4,2,2
104,臺北市中山區,松江里,5984,30,11,292,53,864,197,134,23,203,16,7,199,80,291,60,133,25,3,0,98,14,1,2
104,臺北市中山區,新生里,4607,26,6,171,28,539,145,110,18,165,14,7,179,53,269,76,150,37,2,3,116,8,3,3
104,臺北市中山區,中庄里,4732,19,10,183,41,559,149,129,21,170,11,6,196,63,284,67,127,45,5,0,125,15,5,1
104,臺北市中山區,行政里,7121,30,14,241,43,768,212,181,26,264,25,9,368,126,492,135,301,93,4,1,240,74,10,12
104,臺北市中山區,行仁里,7467,17,9,291,53,790,251,215,37,259,11,10,310,95,509,121,255,48,12,1,245,24,5,8
104,臺北市中山區,行孝里,3771,9,6,143,36,401,133,98,12,113,11,3,143,53,278,68,144,26,2,0,93,13,0,2
104,臺北市中山區,下埤里,6966,34,12,311,47,955,218,169,31,237,12,5,237,67,387,97,178,48,4,2,157,6,2,4
104,臺北市中山區,江寧里,6282,57,7,399,61,1005,227,103,32,223,9,3,185,94,258,52,106,28,5,1,81,8,2,0
104,臺北市中山區,江山里,6889,35,13,417,89,1031,222,158,23,241,17,4,200,87,324,79,146,37,7,0,132,12,2,2
104,臺北市中山區,中吉里,5038,44,18,268,50,739,157,105,28,172,7,5,185,88,222,74,100,37,8,0,74,15,2,3
104,臺北市中山區,中原里,4591,32,7,238,46,604,158,126,20,154,7,6,140,67,252,39,110,28,4,0,94,12,1,1
104,臺北市中山區,興亞里,4856,41,14,302,55,700,166,134,20,155,5,2,158,52,209,54,79,23,5,0,51,9,0,2
104,臺北市中山區,中央里,3255,16,10,168,33,484,94,85,15,138,2,4,106,50,145,31,64,17,2,1,44,3,1,0
104,臺北市中山區,朱馥里,5403,31,8,233,56,671,163,120,19,205,8,8,189,78,279,77,164,31,7,0,146,21,3,2
104,臺北市中山區,龍洲里,4661,52,10,273,52,726,167,117,14,176,5,5,151,65,140,33,57,18,4,0,43,9,2,4
104,臺北市中山區,朱園里,4220,38,10,288,41,607,133,81,14,144,9,7,138,53,167,28,63,28,2,0,64,5,3,1
104,臺北市中山區,埤頭里,3178,19,5,160,28,423,96,91,11,133,6,5,106,33,176,44,77,24,0,0,65,15,2,5
104,臺北市中山區,朱崙里,2622,18,3,138,18,339,82,66,13,95,1,2,92,33,117,29,64,14,4,2,53,8,1,2
104,臺北市中山區,力行里,5495,61,16,361,57,806,179,118,13,170,13,7,173,72,232,37,114,25,2,1,75,8,2,2
104,臺北市中山區,復華里,4226,37,4,238,42,583,144,115,20,142,4,9,131,72,144,43,63,15,2,0,56,7,1,6
104,臺北市中山區,金泰里,6450,46,22,481,75,857,215,181,32,178,14,7,172,113,283,64,141,51,2,0,123,19,2,2
104,臺北市中山區,北安里,2467,16,8,134,24,353,84,77,10,101,3,5,81,32,110,20,55,13,2,0,27,7,1,0
104,臺北市中正區,水源里,2749,39,11,160,27,314,93,66,10,95,6,2,84,31,121,18,65,21,1,2,59,13,1,3
104,臺北市中正區,富水里,2256,39,19,158,35,271,76,62,8,43,7,1,86,34,98,30,87,14,1,0,63,11,2,1
104,臺北市中正區,文盛里,2371,40,14,154,29,357,94,53,5,62,7,2,69,32,84,15,46,12,0,1,34,5,0,2
104,臺北市中正區,林興里,4206,50,20,297,48,521,127,118,20,106,1,3,136,57,175,50,107,20,2,0,80,13,4,4
104,臺北市中正區,河堤里,4290,74,17,295,37,679,150,115,18,147,11,6,115,58,150,29,49,16,0,0,43,10,1,3
104,臺北市中正區,頂東里,5622,56,13,367,80,837,188,156,15,166,9,4,140,61,216,42,98,20,4,1,100,8,1,3
104,臺北市中正區,網溪里,5331,53,12,368,58,806,184,145,21,149,9,7,159,76,195,43,82,15,1,0,79,13,0,1
104,臺北市中正區,板溪里,3094,24,12,179,33,412,83,75,14,83,3,2,76,35,181,31,92,16,3,0,65,6,2,1
104,臺北市中正區,螢圃里,5057,46,17,301,43,751,170,116,28,155,5,11,168,50,254,38,114,28,1,0,81,6,1,0
104,臺北市中正區,螢雪里,4145,24,13,200,51,509,150,110,20,127,8,4,158,42,233,64,146,18,2,0,85,9,1,3
104,臺北市中正區,永功里,5600,49,20,276,46,642,205,148,23,162,6,11,213,85,311,95,194,37,1,2,155,14,2,13
104,臺北市中正區,永昌里,4746,12,9,167,30,477,158,119,43,160,11,3,196,59,337,95,199,41,5,1,167,24,4,5
104,臺北市中正區,龍興里,3390,28,7,187,32,397,93,90,19,88,5,1,109,55,191,64,101,22,0,0,86,6,2,3
104,臺北市中正區,忠勤里,6250,7,6,133,41,434,171,171,33,133,13,8,278,91,470,138,480,64,6,1,242,25,8,19
104,臺北市中正區,廈安里,3673,33,12,197,41,431,105,93,12,110,3,4,134,51,197,50,95,28,0,0,78,15,2,4
104,臺北市中正區,愛國里,2892,26,11,170,20,375,110,56,10,81,4,2,84,60,103,39,55,21,2,1,34,12,1,0
104,臺北市中正區,南門里,2408,41,11,161,28,333,83,50,7,62,2,5,51,41,85,20,34,10,1,0,28,8,4,3
104,臺北市中正區,龍光里,2961,33,13,251,40,460,108,61,8,82,4,3,89,56,91,37,35,17,1,0,25,13,0,1
104,臺北市中正區,南福里,9026,114,51,694,105,1222,384,221,22,273,14,14,218,263,309,68,122,53,2,2,104,35,0,0
104,臺北市中正區,龍福里,6415,70,16,365,61,836,236,145,26,184,12,3,238,148,281,77,161,62,2,1,137,59,9,23
104,臺北市中正區,新營里,7743,145,42,665,94,1099,288,178,20,188,12,10,183,176,240,67,99,34,0,0,50,24,3,3
104,臺北市中正區,建國里,1297,10,6,86,10,170,32,47,6,45,2,1,30,31,39,14,12,10,0,0,13,2,0,0
104,臺北市中正區,光復里,3401,26,9,165,36,425,128,77,27,107,7,13,127,71,166,41,71,25,0,1,41,7,2,3
104,臺北市中正區,黎明里,2950,33,16,181,31,450,126,72,8,93,5,1,98,50,111,29,43,32,2,1,33,5,2,2
104,臺北市中正區,梅花里,2966,26,16,183,31,474,91,76,7,94,6,0,76,46,121,23,37,16,2,0,45,12,1,1
104,臺北市中正區,幸福里,4124,56,14,264,39,604,149,121,18,119,12,9,123,63,178,44,41,23,1,0,51,13,1,1
104,臺北市中正區,幸市里,4155,65,13,331,45,692,127,94,8,111,7,5,99,55,119,26,63,15,4,0,40,7,2,2
104,臺北市中正區,東門里,3653,60,17,283,46,543,130,93,10,92,10,3,74,53,109,47,61,30,1,0,56,14,1,3
104,臺北市中正區,文北里,4947,89,25,436,57,856,155,108,14,115,10,3,90,68,112,26,50,39,1,0,29,12,2,1
104,臺北市中正區,文祥里,6760,118,14,523,80,980,237,154,21,189,5,8,174,146,229,59,78,39,0,0,48,14,3,2
104,臺北市中正區,三愛里,7565,133,26,587,90,1164,250,131,17,212,8,1,155,148,209,65,78,36,3,0,62,11,0,1
104,臺北市大同區,玉泉里,2761,11,5,100,25,349,104,59,17,101,5,5,142,37,149,44,92,24,4,2,58,18,0,0
104,臺北市大同區,建明里,3174,21,2,130,23,393,104,89,15,106,5,2,134,66,204,47,81,17,9,0,68,11,2,1
104,臺北市大同區,建功里,4211,16,7,150,27,421,116,128,27,140,8,11,213,70,279,53,147,36,15,1,128,15,1,4
104,臺北市大同區,建泰里,3373,17,4,159,24,421,111,85,13,132,12,3,134,56,192,53,90,27,4,0,60,7,2,1
104,臺北市大同區,永樂里,4943,25,7,231,43,633,169,119,21,170,9,4,253,94,302,49,133,36,16,3,107,25,0,1
104,臺北市大同區,朝陽里,4094,19,9,171,33,462,129,101,26,144,9,7,152,73,256,65,131,21,11,2,98,18,1,2
104,臺北市大同區,星明里,5299,26,9,235,44,573,178,127,23,156,15,6,213,116,311,76,162,39,12,2,111,17,4,3
104,臺北市大同區,光能里,4565,17,11,152,28,492,145,129,7,148,7,10,173,84,323,73,149,27,7,1,155,26,2,2
104,臺北市大同區,大有里,4492,10,7,144,28,528,148,100,26,138,7,7,218,79,333,75,157,37,8,3,110,19,6,0
104,臺北市大同區,延平里,3795,14,8,124,20,404,140,95,15,118,6,9,155,69,250,63,161,27,7,1,110,11,5,4
104,臺北市大同區,雙連里,8603,39,17,283,61,822,286,218,56,271,14,20,326,168,561,164,332,76,17,4,287,49,11,8
104,臺北市大同區,南芳里,3645,9,5,137,25,393,95,87,16,100,9,0,140,60,231,67,137,32,8,2,104,20,4,2
104,臺北市大同區,民權里,5857,27,10,226,53,683,197,180,29,191,10,7,202,124,314,92,184,45,6,3,141,22,1,1
104,臺北市大同區,景星里,2589,8,6,75,20,199,67,76,14,52,7,2,94,36,210,65,139,37,5,1,150,23,2,5
104,臺北市大同區,隆和里,2795,10,4,88,24,279,95,55,13,99,9,5,117,51,215,49,105,27,6,1,97,11,1,5
104,臺北市大同區,蓬萊里,4522,15,10,148,41,514,132,140,19,137,11,8,195,84,298,75,174,28,13,1,138,18,2,3
104,臺北市大同區,國順里,2732,6,0,56,12,199,79,62,19,69,12,4,122,61,233,68,181,39,6,2,157,25,4,3
104,臺北市大同區,國慶里,4020,17,12,172,45,489,127,102,18,133,10,8,138,57,265,56,120,29,7,2,84,8,3,1
104,臺北市大同區,揚雅里,4010,12,4,100,16,367,108,96,28,137,9,6,211,88,283,73,266,64,8,2,220,37,6,26
104,臺北市大同區,斯文里,4985,18,7,164,27,511,116,133,21,135,8,8,216,90,343,114,253,60,6,2,196,21,6,7
104,臺北市大同區,鄰江里,5963,16,9,185,45,555,200,153,36,201,8,5,243,105,424,109,297,53,18,7,286,22,0,4
104,臺北市大同區,至聖里,7376,20,14,269,52,808,202,202,37,272,14,17,312,139,497,108,232,44,7,3,211,19,3,6
104,臺北市大同區,老師里,5462,9,6,169,36,499,180,145,45,155,3,12,264,85,414,128,253,45,8,0,223,20,2,2
104,臺北市大同區,重慶里,6064,31,13,274,42,685,209,192,27,178,6,11,206,77,323,104,209,40,10,1,185,18,1,3
104,臺北市大同區,保安里,3828,19,6,139,28,387,133,120,21,125,10,8,167,60,234,66,131,31,5,3,140,23,1,7
104,臺北市萬華區,福星里,5018,22,12,164,34,543,147,112,26,151,12,9,246,71,335,95,197,56,9,3,152,21,2,4
104,臺北市萬華區,萬壽里,3180,11,8,125,20,339,76,94,19,90,5,6,167,39,203,48,121,35,3,3,78,17,2,5
104,臺北市萬華區,西門里,3525,18,12,152,29,407,76,99,13,117,10,1,138,43,186,60,120,28,8,1,87,9,2,4
104,臺北市萬華區,新起里,6009,37,16,274,64,667,184,136,28,197,14,12,223,61,342,94,181,48,11,3,162,21,4,3
104,臺北市萬華區,菜園里,5626,16,7,202,42,554,182,158,32,158,8,8,224,72,412,111,297,58,11,4,215,14,3,5
104,臺北市萬華區,青山里,5410,13,5,121,40,499,168,133,25,151,9,4,239,73,397,117,275,72,6,5,272,29,2,10
104,臺北市萬華區,富民里,4683,12,9,137,23,460,112,109,26,138,11,3,167,56,330,92,228,53,9,2,242,30,4,3
104,臺北市萬華區,福音里,3238,8,3,123,24,347,90,91,20,111,10,8,135,37,224,54,137,21,5,2,100,10,1,6
104,臺北市萬華區,仁德里,4470,31,17,224,46,545,142,125,31,155,13,8,175,50,238,58,124,34,8,1,115,9,4,2
104,臺北市萬華區,富福里,5794,16,7,171,30,576,150,112,25,223,19,8,314,96,479,141,398,100,8,4,300,59,20,18
104,臺北市萬華區,頂碩里,6839,14,7,277,36,681,210,175,32,226,10,3,244,103,522,155,318,39,3,3,303,30,3,13
104,臺北市萬華區,雙園里,4247,15,7,161,42,399,139,112,19,137,18,7,148,82,321,76,192,28,8,0,163,19,4,8
104,臺北市萬華區,新忠里,3330,31,5,147,25,435,93,81,15,134,7,4,116,36,179,46,121,18,6,0,83,8,4,5
104,臺北市萬華區,新和里,8051,49,9,338,95,1064,272,249,39,311,20,9,317,112,402,123,222,53,7,0,133,21,8,8
104,臺北市萬華區,糖廍里,5133,12,7,181,36,545,155,151,33,118,5,4,214,81,397,70,219,58,6,0,208,20,2,6
104,臺北市萬華區,和平里,6453,7,14,172,35,539,171,141,38,160,15,16,248,98,510,130,412,66,7,6,360,30,6,13