statistic_yyy,site_id,village,edu_age_15up_total,edu_doctor_graduated_f,edu_doctor_ungraduated_f,edu_master_graduated_f,edu_master_ungraduated_f,edu_university_graduated_f,edu_university_ungraduated_f,edu_juniorcollege_2ys_graduated_f,edu_juniorcollege_2ys_ungraduated_f,edu_juniorcollege_5ys_final2y_graduated_f,edu_juniorcollege_5ys_final2y_ungraduated_f,edu_juniorcollege_5ys_first3y_ungraduated_f,edu_senior_graduated_f,edu_senior_ungraduated_f,edu_seniorvocational_graduated_f,edu_seniorvocational_ungraduated_f,edu_junior_graduated_f,edu_junior_ungraduated_f,edu_juniorvocational_graduated_f,edu_juniorvocational_ungraduated_f,edu_primary_graduated_f,edu_primary_ungraduated_f,edu_selftaughtl_f,edu_illiterate_f
統計年,區域別,村里名稱,總計,博畢_女,博肄_女,碩畢_女,碩肄_女,大畢_女,大肄_女,二畢_女,二肄_女,後二畢_女,後二肄_女,前三肄_女,高畢_女,高肄_女,職畢_女,職肄_女,國畢_女,國肄_女,初畢_女,初肄_女,小畢_女,小肄_女,自修_女,不識_女
105,臺北市松山區,莊敬里,4917,5,7,142,36,664,152,163,20,148,5,202,53,351,54,20,172,22,4,1,286,36,7,22
105,臺北市松山區,東榮里,6994,34,11,407,67,1348,225,251,16,311,6,273,125,340,36,11,152,35,6,0,146,22,3,6
105,臺北市松山區,三民里,6202,25,9,289,50,1193,173,248,17,258,6,241,98,343,35,12,151,25,5,0,186,23,6,9
105,臺北市松山區,新益里,4264,8,6,152,36,676,124,139,16,161,3,177,65,286,29,10,129,19,5,0,196,16,5,19
105,臺北市松山區,富錦里,4697,10,6,219,47,838,139,150,14,201,9,188,65,279,33,11,161,20,1,1,154,7,3,8
105,臺北市松山區,新東里,4447,14,4,169,28,683,122,178,20,193,6,148,48,317,40,11,153,14,6,1,185,12,3,10
105,臺北市松山區,富泰里,4132,13,8,221,31,803,115,173,13,181,7,174,56,267,23,3,106,21,4,0,115,12,7,3
105,臺北市松山區,介壽里,3926,16,9,225,26,665,125,157,8,175,8,150,63,207,26,11,93,11,5,1,94,9,4,5
105,臺北市松山區,精忠里,3826,18,6,207,32,749,110,132,9,147,9,149,78,220,25,0,76,15,1,0,60,13,4,5
105,臺北市松山區,東光里,6641,34,6,291,64,1129,238,275,10,249,5,265,103,376,46,18,177,33,4,0,207,30,7,15
105,臺北市松山區,龍田里,8909,30,22,556,93,1678,257,391,29,382,7,307,147,448,59,12,152,41,7,0,166,33,3,13
105,臺北市松山區,東昌里,2380,16,2,135,18,408,91,85,6,106,6,78,43,139,17,5,58,9,4,0,62,4,1,4
105,臺北市松山區,東勢里,3897,15,3,190,35,692,103,156,7,136,6,152,67,254,24,7,109,10,4,1,120,10,4,6
105,臺北市松山區,中華里,5526,28,15,350,43,1083,161,202,4,225,10,178,99,254,33,12,86,26,3,0,126,25,2,12
105,臺北市松山區,民有里,7991,29,12,390,67,1517,268,275,23,276,8,313,115,469,49,11,216,53,2,2,207,24,7,20
105,臺北市松山區,民福里,5943,8,4,216,50,979,179,183,24,186,10,250,64,418,49,6,173,27,2,1,280,23,4,22
105,臺北市松山區,慈祐里,7322,7,7,224,40,969,192,239,23,216,12,287,77,542,84,14,278,47,6,2,331,35,13,29
105,臺北市松山區,安平里,7611,23,9,262,50,1103,231,248,25,246,14,284,103,508,63,17,268,38,4,0,415,38,15,45
105,臺北市松山區,鵬程里,5144,15,8,153,29,791,153,195,21,197,11,192,90,364,44,18,138,12,2,0,197,28,4,23
105,臺北市松山區,自強里,8740,26,15,417,89,1467,269,317,32,318,6,376,140,449,60,16,247,41,9,1,292,29,15,26
105,臺北市松山區,吉祥里,7674,24,9,343,64,1342,265,257,19,313,14,248,113,506,46,12,230,28,5,0,233,13,7,11
105,臺北市松山區,新聚里,7317,18,12,301,65,1173,243,283,25,250,8,297,97,539,63,16,218,38,3,1,259,29,7,22
105,臺北市松山區,復盛里,5882,9,6,219,44,933,172,210,19,194,7,204,95,422,55,15,189,24,8,0,240,25,7,35
105,臺北市松山區,中正里,8330,32,15,479,66,1620,263,338,31,338,9,278,165,464,46,24,165,31,6,0,179,42,5,7
105,臺北市松山區,中崙里,3623,15,3,146,32,623,102,185,11,142,3,140,67,232,26,6,84,15,4,0,120,23,3,5
105,臺北市松山區,美仁里,3032,8,5,155,28,526,93,125,10,103,4,101,43,174,20,6,76,14,0,0,104,12,3,10
105,臺北市松山區,吉仁里,3504,12,5,173,19,617,109,129,8,137,7,128,57,219,31,10,75,22,5,1,102,11,5,8
105,臺北市松山區,敦化里,6142,23,10,315,53,1098,173,205,10,208,5,251,86,391,48,12,155,23,7,1,201,22,5,9
105,臺北市松山區,復源里,2791,11,5,135,16,452,78,109,8,97,2,112,44,185,25,3,80,7,1,1,103,13,3,5
105,臺北市松山區,復建里,3982,16,3,190,28,681,118,150,17,153,8,135,65,250,35,11,88,10,4,1,126,15,8,5
105,臺北市松山區,復勢里,5565,16,8,281,52,943,174,241,14,205,7,224,84,383,43,6,133,26,8,0,187,21,4,12
105,臺北市松山區,福成里,2359,8,3,156,23,443,76,85,4,104,3,95,31,115,15,2,59,8,3,0,50,7,3,1
105,臺北市松山區,松基里,3283,13,4,165,29,568,98,116,10,102,5,130,46,182,23,1,95,19,1,1,138,11,3,20
105,臺北市信義區,西村里,5403,20,9,215,48,770,191,192,8,192,0,200,61,289,25,9,148,45,7,0,171,13,9,26
105,臺北市信義區,正和里,4156,14,8,256,42,777,157,158,7,170,3,150,70,241,26,7,88,23,1,0,110,7,4,8
105,臺北市信義區,興隆里,2605,10,4,137,30,501,92,78,3,81,1,116,36,136,11,5,72,10,1,0,92,8,9,7
105,臺北市信義區,中興里,3174,16,6,186,32,598,105,132,4,120,1,149,41,181,20,3,73,21,1,1,92,7,4,6
105,臺北市信義區,新仁里,3104,8,8,144,39,564,125,116,6,125,3,114,48,155,14,4,68,17,1,0,85,11,9,6
105,臺北市信義區,興雅里,5317,13,13,208,41,813,204,221,7,210,1,187,65,347,31,9,158,25,3,2,238,17,10,16
105,臺北市信義區,敦厚里,4801,14,13,251,45,819,183,180,7,177,2,170,57,299,29,8,124,19,2,2,177,7,9,13
105,臺北市信義區,廣居里,7020,21,17,335,72,1234,260,249,4,274,1,247,101,417,34,11,203,36,4,0,227,21,5,11
105,臺北市信義區,安康里,9073,50,20,522,104,1614,328,336,11,321,0,314,153,496,52,10,205,50,5,0,214,22,11,24
105,臺北市信義區,六藝里,3383,6,3,84,36,459,116,130,2,102,0,116,46,221,37,7,130,14,3,0,174,21,16,13
105,臺北市信義區,雅祥里,4546,8,9,158,47,647,161,163,10,141,1,117,59,306,41,11,132,21,2,2,261,17,7,21
105,臺北市信義區,五常里,3443,2,2,109,26,422,134,156,4,100,2,126,33,268,22,7,113,21,3,1,196,16,9,17
105,臺北市信義區,五全里,4685,12,7,158,38,667,141,173,9,155,2,185,58,317,40,10,157,27,3,2,289,16,12,18
105,臺北市信義區,永吉里,3728,2,1,69,17,435,160,97,11,61,2,107,48,237,26,11,192,26,5,1,250,23,21,50
105,臺北市信義區,長春里,3910,4,2,78,24,497,150,146,6,88,0,150,46,262,34,10,162,18,5,1,265,27,12,26
105,臺北市信義區,四育里,5211,4,7,145,44,701,184,168,6,139,2,193,53,390,43,14,221,25,4,1,301,23,13,20
105,臺北市信義區,四維里,5007,11,11,163,40,721,209,180,10,160,0,176,59,355,30,6,164,26,5,1,243,15,14,21
105,臺北市信義區,永春里,4556,8,9,116,37,613,185,159,10,124,0,157,36,322,32,19,156,36,0,1,299,26,7,30
105,臺北市信義區,富台里,3920,8,5,162,49,639,146,180,3,126,1,137,68,241,24,7,97,28,2,0,166,16,10,19
105,臺北市信義區,國業里,6736,19,7,299,57,1112,269,261,8,237,1,250,87,386,40,19,204,47,5,0,254,10,6,26
105,臺北市信義區,松隆里,2125,3,3,44,11,250,67,71,5,55,0,100,20,140,25,3,105,12,2,1,130,17,2,25
105,臺北市信義區,松友里,6033,11,13,222,46,926,221,237,9,222,0,230,80,419,59,16,163,34,12,1,252,18,13,37
105,臺北市信義區,松光里,4590,5,3,156,33,624,142,151,6,150,0,170,56,330,28,4,188,25,3,3,266,25,6,25
105,臺北市信義區,中坡里,4183,8,4,120,23,559,144,165,6,143,1,148,34,296,33,9,165,20,5,2,239,26,9,24
105,臺北市信義區,中行里,7453,9,6,182,63,974,308,261,17,203,3,253,92,524,56,14,290,49,3,2,426,38,19,57
105,臺北市信義區,大道里,5644,7,7,192,45,818,211,164,6,163,1,164,59,400,40,4,209,42,3,2,312,18,16,28
105,臺北市信義區,大仁里,3783,8,3,100,23,485,136,124,9,106,0,135,50,251,29,11,159,26,4,1,275,16,9,34
105,臺北市信義區,景新里,4603,8,7,213,39,810,180,163,5,162,1,147,61,287,40,11,113,34,4,0,164,12,12,18
105,臺北市信義區,惠安里,6103,15,5,172,52,826,234,233,9,169,0,232,76,427,48,12,218,36,3,1,335,30,14,36
105,臺北市信義區,三張里,8184,23,17,345,65,1244,289,267,28,266,9,335,109,503,54,9,221,51,9,1,407,27,19,28
105,臺北市信義區,三犁里,4813,12,11,207,46,772,183,162,8,177,0,186,70,275,26,4,132,30,4,1,214,15,9,16
105,臺北市信義區,六合里,6323,24,10,265,51,1029,214,230,14,207,1,266,78,399,41,11,174,36,5,2,228,30,6,26
105,臺北市信義區,泰和里,7230,13,14,201,61,979,265,241,22,218,3,293,77,506,72,26,277,35,3,2,407,34,13,45
105,臺北市信義區,景聯里,4293,17,6,177,49,687,140,161,5,155,0,143,52,285,39,3,131,21,5,0,164,17,7,20
105,臺北市信義區,景勤里,3754,9,5,103,42,497,124,148,2,101,0,142,46,259,25,6,140,17,2,2,219,21,11,25
105,臺北市信義區,雙和里,6506,23,11,250,55,967,239,252,10,213,1,252,86,409,48,13,187,37,5,1,323,14,11,27
105,臺北市信義區,嘉興里,2960,5,4,113,17,466,106,117,6,103,1,128,26,199,27,5,85,12,3,0,139,6,10,11
105,臺北市信義區,黎順里,3866,15,10,177,40,575,140,112,6,118,1,144,44,228,26,12,110,13,5,0,183,14,13,19
105,臺北市信義區,黎平里,6517,24,11,242,68,1017,269,206,12,192,1,252,83,411,43,8,205,31,4,3,311,26,17,25
105,臺北市信義區,黎忠里,4451,10,6,123,39,577,159,174,7,140,2,172,64,290,31,8,192,25,8,3,282,12,15,22
105,臺北市信義區,黎安里,1973,3,1,19,3,146,77,60,5,28,0,131,27,86,19,1,164,23,2,1,155,27,6,19
105,臺北市大安區,德安里,5058,36,7,317,46,1009,150,183,11,180,8,214,84,247,27,3,91,22,4,1,111,14,2,9
105,臺北市大安區,仁慈里,4621,26,17,339,46,921,164,162,9,160,2,167,92,182,21,7,80,19,4,0,67,16,9,5
105,臺北市大安區,和安里,5999,34,10,415,51,1096,181,225,9,182,5,212,125,273,31,13,109,32,4,0,139,11,2,13
105,臺北市大安區,民炤里,7155,57,7,530,63,1394,204,240,22,236,6,312,134,338,22,8,141,37,7,0,112,28,4,11
105,臺北市大安區,仁愛里,4754,32,4,283,42,1004,145,157,7,160,7,213,85,223,21,6,120,29,7,0,101,13,11,3
105,臺北市大安區,義村里,5440,17,7,260,51,934,143,188,17,196,7,245,88,313,36,7,146,34,0,0,172,14,4,13
105,臺北市大安區,民輝里,6253,45,21,329,54,1102,172,198,13,201,6,288,106,318,61,10,171,27,2,1,179,16,10,17
105,臺北市大安區,昌隆里,2899,18,1,167,21,502,73,98,2,100,5,140,49,130,10,0,95,11,4,0,92,8,3,1
105,臺北市大安區,誠安里,3839,30,7,167,29,682,119,143,21,129,7,185,79,229,22,2,93,26,3,0,119,10,6,13
105,臺北市大安區,光武里,6764,25,10,383,62,1270,211,215,16,270,10,354,81,385,37,7,190,32,8,3,188,26,8,9
105,臺北市大安區,龍坡里,5045,63,16,426,54,1006,150,164,11,152,2,167,88,188,27,5,78,20,6,1,81,14,1,7
105,臺北市大安區,龍泉里,4164,40,15,294,56,779,121,164,14,145,3,137,71,186,23,7,106,21,4,2,98,13,2,9
105,臺北市大安區,古風里,3766,46,7,261,41,683,119,136,8,115,4,115,65,192,19,2,81,17,3,0,92,11,6,13
105,臺北市大安區,古莊里,6301,60,15,446,69,1238,211,208,22,162,7,223,96,301,46,4,142,25,2,0,147,17,11,21
105,臺北市大安區,龍安里,7000,68,19,463,70,1137,206,194,19,230,10,250,127,295,37,6,152,56,8,0,141,45,5,15
105,臺北市大安區,錦安里,5152,47,18,404,54,998,164,178,16,196,6,158,113,218,33,3,69,14,2,0,111,12,2,7
105,臺北市大安區,福住里,5415,33,12,441,76,1057,173,191,7,204,4,195,126,227,21,3,93,21,1,0,115,17,3,9
105,臺北市大安區,永康里,3241,14,5,191,31,588,115,117,13,107,3,139,64,149,15,6,69,12,2,1,78,8,5,6
105,臺北市大安區,光明里,2999,20,6,221,39,554,83,117,7,95,3,84,53,127,14,7,59,11,2,1,83,15,3,11
105,臺北市大安區,錦泰里,3096,29,17,237,37,591,84,110,8,89,5,93,74,120,17,5,55,12,1,0,49,10,2,4
105,臺北市大安區,錦華里,4818,39,15,375,62,915,170,154,7,156,4,139,88,217,20,7,66,25,5,0,119,10,2,6
105,臺北市大安區,龍圖里,6165,45,10,391,59,1167,193,233,10,211,8,244,84,319,26,9,126,25,4,0,153,18,2,11
105,臺北市大安區,新龍里,6019,31,3,397,74,1175,180,208,15,232,7,199,118,284,39,7,108,39,5,0,121,10,4,11
105,臺北市大安區,龍陣里,3251,26,4,182,25,567,107,94,10,110,3,117,57,194,14,6,76,15,2,0,103,7,4,9
105,臺北市大安區,龍雲里,4429,22,4,238,47,789,154,145,6,174,9,211,70,235,33,4,94,19,3,0,143,12,2,8
105,臺北市大安區,龍生里,5809,52,20,412,69,1094,186,257,17,202,8,189,101,265,31,8,96,24,4,0,125,18,2,13
105,臺北市大安區,住安里,4758,19,6,211,42,774,133,182,15,134,7,198,70,280,42,14,142,18,3,1,220,36,8,24
105,臺北市大安區,義安里,4894,22,5,325,45,941,165,152,11,166,4,208,76,230,26,4,126,14,3,0,95,11,5,13
105,臺北市大安區,通化里,5626,12,6,192,43,812,161,181,20,181,8,212,69,403,60,10,201,32,6,1,296,37,7,31
105,臺北市大安區,通安里,5106,6,8,214,37,797,144,170,17,168,6,213,77,340,37,5,150,30,3,0,243,13,6,28
105,臺北市大安區,臨江里,3821,10,0,125,23,525,106,119,15,113,6,147,40,305,40,8,136,21,2,0,221,40,7,30
105,臺北市大安區,法治里,4081,23,8,194,46,703,123,141,6,170,3,153,59,244,30,5,101,18,3,1,133,16,6,12
105,臺北市大安區,全安里,3994,16,4,254,31,810,112,141,13,167,4,136,61,188,24,6,77,16,3,0,101,12,2,6
105,臺北市大安區,群賢里,5397,35,10,323,52,1058,165,194,18,203,4,230,75,288,26,6,114,25,5,0,135,12,8,10
105,臺北市大安區,群英里,6509,34,20,369,56,1226,213,243,17,257,4,277,88,330,42,8,139,36,3,2,154,24,5,8
105,臺北市大安區,虎嘯里,3424,19,8,219,41,674,106,114,5,149,7,132,51,163,16,4,81,15,3,0,70,8,3,3
105,臺北市大安區,臥龍里,1773,15,2,107,20,311,47,66,8,76,2,71,23,73,12,3,36,12,0,0,55,8,3,9
105,臺北市大安區,龍淵里,8020,70,26,576,102,1512,264,326,11,239,3,254,157,354,31,10,156,29,7,0,189,22,5,16
105,臺北市大安區,龍門里,3789,39,11,325,34,761,111,122,2,107,3,128,78,145,14,6,72,18,0,0,57,8,0,5
105,臺北市大安區,大學里,7545,107,20,563,95,1384,252,274,16,239,3,260,128,338,33,8,130,35,2,1,177,14,14,16
105,臺北市大安區,芳和里,5306,16,3,189,34,787,148,193,12,168,6,221,52,351,41,7,169,30,4,1,283,22,5,28
105,臺北市大安區,黎元里,5049,7,5,157,36,614,137,230,26,129,6,177,67,401,53,16,164,20,2,1,322,36,9,43
105,臺北市大安區,黎孝里,6976,8,11,276,54,1137,215,232,23,216,9,270,86,456,50,7,212,34,5,0,324,26,7,29
105,臺北市大安區,黎和里,4498,7,6,191,39,674,141,130,11,147,4,179,55,300,48,6,163,24,2,0,206,29,8,19
105,臺北市大安區,建安里,4458,18,7,261,35,894,133,160,17,195,10,206,70,231,25,8,116,25,6,1,108,9,1,7
105,臺北市大安區,建倫里,5573,24,8,343,33,1081,193,175,14,257,13,305,105,274,18,5,131,35,9,1,102,14,3,7
105,臺北市大安區,敦安里,5588,37,8,392,57,1055,166,195,16,225,6,259,121,257,27,9,108,35,4,0,104,19,6,7
105,臺北市大安區,正聲里,4301,13,2,247,40,826,127,156,10,152,4,185,65,223,25,5,91,23,3,0,97,11,8,11
105,臺北市大安區,敦煌里,5349,25,17,370,54,1089,147,203,11,202,5,222,84,262,20,8,109,17,4,0,87,10,3,9
105,臺北市大安區,華聲里,3833,16,1,219,31,718,131,158,6,145,4,136,56,208,23,5,99,19,6,0,86,6,5,10
105,臺北市大安區,車層里,5680,20,10,345,50,1155,162,164,8,219,4,252,108,297,25,7,127,34,4,0,108,13,5,9
105,臺北市大安區,光信里,6928,36,6,384,47,1324,200,246,20,249,5,263,105,401,53,7,151,41,4,1,208,20,3,10
105,臺北市大安區,學府里,2472,43,6,88,12,249,71,65,3,58,1,133,25,103,34,2,106,20,1,0,150,27,2,17
105,臺北市中山區,正守里,2917,7,5,101,25,430,96,86,6,102,6,107,41,201,21,4,105,16,5,0,122,15,4,13
105,臺北市中山區,正義里,4857,12,3,143,30,696,149,190,21,198,9,232,54,444,63,18,222,37,4,2,215,21,7,16
105,臺北市中山區,正得里,3425,12,4,126,27,623,87,111,11,129,7,154,46,270,29,3,119,24,4,0,137,16,5,12
105,臺北市中山區,民安里,4245,11,7,167,31,639,129,124,12,152,5,176,50,306,30,5,144,28,10,1,189,25,2,11
105,臺北市中山區,康樂里,2445,6,3,94,12,400,57,89,8,98,5,142,38,204,23,3,109,23,2,0,96,10,3,8
105,臺北市中山區,中山里,5964,15,7,216,47,900,174,227,31,221,7,302,68,512,77,9,251,41,5,2,290,37,6,15
105,臺北市中山區,聚盛里,3855,5,3,126,19,534,93,137,28,131,5,221,36,347,44,4,198,32,5,1,191,21,7,11
105,臺北市中山區,集英里,6355,12,8,237,37,972,201,238,24,202,10,254,94,500,66,20,223,37,15,2,330,27,11,21
105,臺北市中山區,聚葉里,3651,9,5,123,20,551,120,123,16,113,11,157,40,271,43,11,135,31,2,0,204,13,2,11
105,臺北市中山區,恆安里,4432,17,7,158,36,738,145,178,21,136,2,206,54,368,60,3,165,18,3,0,208,26,8,12
105,臺北市中山區,晴光里,4849,12,2,194,40,745,132,166,18,159,14,236,61,382,67,12,198,28,6,0,219,17,8,19
105,臺北市中山區,圓山里,3866,10,4,115,29,555,109,126,24,134,4,205,43,314,39,4,182,20,4,0,177,16,6,11
105,臺北市中山區,劍潭里,3378,13,4,107,25,513,95,106,12,120,9,150,37,188,35,4,115,18,8,0,147,25,8,25
105,臺北市中山區,大直里,8348,19,16,457,63,1404,239,306,23,337,12,262,148,492,63,12,228,43,8,0,265,48,6,24
105,臺北市中山區,成功里,5776,31,10,361,50,1152,187,168,15,246,12,198,114,285,28,6,123,40,4,0,143,18,1,8
105,臺北市中山區,永安里,8326,36,23,453,74,1499,301,266,17,329,7,274,169,451,41,11,221,64,9,2,212,37,8,16
105,臺北市中山區,大佳里,981,0,0,8,3,83,24,29,2,11,0,29,12,66,16,1,40,6,1,0,91,6,3,8
105,臺北市中山區,新喜里,4904,7,3,121,24,663,160,159,21,168,5,193,68,394,67,9,197,32,7,1,293,29,13,13
105,臺北市中山區,新庄里,4662,7,2,117,41,598,122,184,16,169,9,213,56,356,59,12,188,36,5,0,293,17,10,15
105,臺北市中山區,新福里,4750,5,11,148,31,663,135,169,14,144,11,208,59,382,52,7,197,26,11,4,285,17,5,18
105,臺北市中山區,松江里,5934,21,2,213,37,967,163,204,13,213,12,244,97,428,58,14,195,50,6,2,240,21,7,14
105,臺北市中山區,新生里,4531,9,2,123,35,607,114,123,18,139,7,229,51,347,54,8,225,31,7,2,270,24,12,21
105,臺北市中山區,中庄里,4754,9,6,135,32,572,146,151,18,162,6,188,61,353,55,10,213,33,5,1,291,27,14,20
105,臺北市中山區,行政里,7086,6,9,152,24,788,189,188,17,197,12,347,80,540,69,11,292,57,11,1,338,90,6,39
105,臺北市中山區,行仁里,7518,11,4,162,43,934,214,244,29,218,7,264,71,625,96,14,305,57,11,1,514,32,17,50
105,臺北市中山區,行孝里,3784,6,2,78,26,482,109,131,22,89,7,157,53,297,33,6,178,23,5,0,232,13,10,22
105,臺北市中山區,下埤里,6928,8,6,199,53,1058,210,230,21,237,7,249,91,538,64,12,259,41,4,2,351,34,12,26
105,臺北市中山區,江寧里,6317,14,10,288,52,1074,167,201,10,218,4,236,94,447,43,11,177,33,10,0,234,20,8,14
105,臺北市中山區,江山里,6899,23,11,267,64,1069,207,210,18,218,15,261,102,457,47,6,220,37,8,2,290,28,5,29
105,臺北市中山區,中吉里,5029,19,8,202,44,790,139,176,14,173,3,208,75,338,38,6,161,22,5,3,187,15,6,8
105,臺北市中山區,中原里,4590,10,5,191,39,722,140,157,19,155,3,213,48,318,20,9,149,22,4,1,208,14,4,13
105,臺北市中山區,興亞里,4871,17,6,215,39,831,159,170,17,185,9,215,57,328,35,6,139,22,5,0,146,13,6,8
105,臺北市中山區,中央里,3244,10,5,118,24,492,102,148,10,122,3,125,57,230,23,6,105,15,5,0,125,6,1,7
105,臺北市中山區,朱馥里,5354,13,5,187,31,819,120,204,10,192,4,208,81,346,39,9,198,29,14,1,281,28,17,27
105,臺北市中山區,龍洲里,4632,19,7,204,33,787,140,167,12,194,5,186,77,317,26,2,129,24,6,0,159,25,13,10
105,臺北市中山區,朱園里,4183,11,8,216,25,740,139,157,18,142,5,194,56,275,27,5,97,16,8,1,120,11,3,6
105,臺北市中山區,埤頭里,3182,7,2,117,22,470,86,125,16,104,3,123,36,212,23,9,95,18,7,0,139,14,6,15
105,臺北市中山區,朱崙里,2546,7,2,121,21,412,70,107,5,87,4,104,46,163,23,3,63,11,4,0,111,16,7,7
105,臺北市中山區,力行里,5477,16,10,260,31,941,165,175,10,210,7,224,85,330,34,9,171,41,8,1,173,32,4,10
105,臺北市中山區,復華里,4222,12,8,211,32,712,130,152,11,185,4,188,70,255,31,6,123,16,2,0,140,22,5,11
105,臺北市中山區,金泰里,6542,18,11,335,46,1067,212,235,18,199,4,208,108,378,48,12,156,45,6,3,219,39,7,25
105,臺北市中山區,北安里,2424,6,1,98,19,389,87,93,7,97,3,81,38,175,13,1,71,14,1,1,83,8,2,3
105,臺北市中正區,水源里,2732,23,8,135,26,414,97,98,5,76,4,85,37,162,20,4,99,18,1,0,151,20,6,15
105,臺北市中正區,富水里,2227,13,8,89,25,311,50,64,13,60,1,82,25,132,22,4,75,6,2,0,81,14,5,21
105,臺北市中正區,文盛里,2120,21,2,109,24,350,55,64,8,66,3,81,22,117,15,2,54,10,1,0,90,5,1,6
105,臺北市中正區,林興里,4025,18,6,224,32,609,113,161,14,112,3,148,51,237,39,9,117,20,2,1,170,22,4,27
105,臺北市中正區,河堤里,4273,28,6,229,47,735,134,148,13,144,3,154,49,234,32,2,126,18,4,0,119,11,2,18
105,臺北市中正區,頂東里,5613,31,13,309,54,977,156,207,23,199,5,186,58,332,31,7,150,29,2,0,224,25,3,16
105,臺北市中正區,網溪里,5352,21,16,254,65,932,145,181,15,173,7,212,60,303,37,9,174,23,6,1,203,16,5,13
105,臺北市中正區,板溪里,3083,11,3,155,33,514,98,98,9,94,4,126,32,189,27,0,94,7,3,0,126,14,6,14
105,臺北市中正區,螢圃里,4986,18,4,260,50,808,147,162,14,182,4,187,58,295,39,5,137,23,8,0,194,23,10,15
105,臺北市中正區,螢雪里,4108,11,7,150,40,611,115,141,14,103,7,149,51,286,36,4,134,18,2,0,209,16,12,32
105,臺北市中正區,永功里,5534,9,6,192,42,757,147,180,23,149,5,219,70,367,67,14,218,30,3,1,282,25,7,41
105,臺北市中正區,永昌里,4701,5,6,125,23,512,140,132,23,117,4,192,67,345,51,11,202,27,9,1,326,32,15,35
105,臺北市中正區,龍興里,3322,8,5,155,37,488,92,141,15,91,3,82,46,211,35,6,99,14,2,1,172,17,5,23
105,臺北市中正區,忠勤里,6165,2,3,93,39,574,157,166,34,106,5,282,84,459,92,19,476,43,6,2,399,70,19,102
105,臺北市中正區,廈安里,3621,10,3,170,30,594,103,154,16,105,3,114,66,230,44,7,104,17,1,0,137,11,5,14
105,臺北市中正區,愛國里,2807,9,8,147,38,432,90,119,10,100,6,113,51,216,26,9,77,12,5,1,86,13,2,3
105,臺北市中正區,南門里,2367,16,7,116,21,439,81,83,8,67,4,87,54,139,10,6,61,14,2,0,61,9,3,10
105,臺北市中正區,龍光里,2962,20,4,185,22,531,84,123,7,84,1,78,55,156,22,9,65,12,3,0,57,12,0,5
105,臺北市中正區,南福里,9028,48,21,563,94,1567,302,381,24,299,9,261,208,413,62,15,164,46,8,2,208,40,9,18
105,臺北市中正區,龍福里,6357,37,8,308,51,1021,194,235,25,195,10,186,115,370,51,12,154,34,5,0,159,28,7,22
105,臺北市中正區,新營里,7646,55,21,547,92,1348,252,265,20,258,12,183,194,356,42,13,154,43,4,0,159,22,9,21
105,臺北市中正區,建國里,1289,6,4,77,17,247,47,58,8,36,3,48,25,62,10,1,30,7,1,0,33,2,0,3
105,臺北市中正區,光復里,3360,14,3,132,32,530,116,133,11,120,9,138,54,214,36,11,105,26,1,0,105,9,4,5
105,臺北市中正區,黎明里,2923,10,4,126,25,477,92,104,10,104,3,121,68,154,24,5,74,21,1,1,74,7,2,8
105,臺北市中正區,梅花里,2901,10,3,153,29,517,83,106,14,98,5,104,37,189,17,2,76,11,4,0,74,5,3,8
105,臺北市中正區,幸福里,4106,33,7,218,29,657,118,167,8,161,7,150,76,226,28,5,117,21,2,2,109,20,4,8
105,臺北市中正區,幸市里,4115,26,5,227,32,798,125,149,17,133,4,140,43,203,32,3,101,14,10,2,105,12,2,5
105,臺北市中正區,東門里,3573,25,12,239,49,616,110,116,11,106,1,102,70,168,19,3,81,20,5,0,107,15,5,16
105,臺北市中正區,文北里,4952,41,9,353,53,942,171,157,15,166,3,166,81,224,26,3,105,22,1,0,88,11,3,12
105,臺北市中正區,文祥里,6712,45,17,439,71,1199,202,217,18,221,8,216,149,348,43,19,136,30,9,0,159,21,7,9
105,臺北市中正區,三愛里,7492,46,14,545,65,1426,229,264,20,281,10,305,134,325,37,12,171,37,6,1,167,21,1,15
105,臺北市大同區,玉泉里,2746,2,1,77,16,387,83,88,10,83,5,114,46,192,28,5,93,22,5,1,121,15,4,12
105,臺北市大同區,建明里,3126,6,2,99,15,446,106,118,8,102,6,122,45,234,34,2,97,16,4,0,138,16,4,6
105,臺北市大同區,建功里,4225,4,3,113,28,528,132,119,16,109,8,172,74,318,53,6,160,35,10,2,258,37,7,15
105,臺北市大同區,建泰里,3334,8,5,104,21,483,91,115,8,106,4,144,48,244,34,10,106,26,6,0,152,18,3,8
105,臺北市大同區,永樂里,4843,12,6,160,24,624,149,140,15,149,6,175,75,384,49,6,165,41,10,1,227,18,5,5
105,臺北市大同區,朝陽里,4077,10,2,108,34,542,127,149,20,123,7,160,50,320,32,12,153,31,4,0,223,27,11,15
105,臺北市大同區,星明里,5295,10,7,186,35,765,147,202,18,163,5,216,87,391,63,4,193,47,11,0,238,35,7,21
105,臺北市大同區,光能里,4526,6,2,129,22,538,122,191,18,129,9,153,80,351,52,14,176,32,11,2,268,30,8,26
105,臺北市大同區,大有里,4477,1,3,98,24,568,146,121,16,108,5,170,75,375,61,12,174,34,13,0,256,17,11,15
105,臺北市大同區,延平里,3860,3,2,100,16,471,100,125,13,95,6,179,66,300,51,7,173,34,8,0,222,20,10,18
105,臺北市大同區,雙連里,8514,8,9,186,53,1016,261,361,37,242,12,326,144,677,115,25,321,93,11,0,488,38,14,44
105,臺北市大同區,南芳里,3580,1,2,88,31,450,111,157,15,92,3,123,66,280,51,12,130,24,5,1,227,29,9,16
105,臺北市大同區,民權里,5814,11,6,181,50,805,173,238,28,176,6,209,109,425,70,10,180,50,12,2,281,23,12,27
105,臺北市大同區,景星里,2544,2,1,44,15,231,65,86,10,42,1,97,31,186,38,4,113,26,3,0,223,24,8,30
105,臺北市大同區,隆和里,2787,6,2,55,21,335,78,88,6,76,2,104,48,223,33,9,97,24,8,0,171,18,3,16
105,臺北市大同區,蓬萊里,4511,5,2,120,26,586,127,172,20,114,5,193,68,324,45,7,169,28,12,2,266,26,8,19
105,臺北市大同區,國順里,2729,0,1,36,10,236,61,74,9,48,1,88,44,206,45,10,109,31,6,0,236,31,6,21
105,臺北市大同區,國慶里,3989,7,4,114,25,549,131,159,15,111,3,142,62,299,36,7,119,33,8,1,228,26,6,15
105,臺北市大同區,揚雅里,4025,4,2,50,26,374,81,122,14,100,3,148,48,268,61,11,161,29,4,3,256,50,11,47
105,臺北市大同區,斯文里,4950,5,5,107,21,524,123,154,15,103,6,186,73,390,68,12,231,55,11,1,284,48,15,73
105,臺北市大同區,鄰江里,5927,8,4,99,32,668,155,179,24,138,6,199,68,445,60,11,268,49,14,0,439,39,12,43
105,臺北市大同區,至聖里,7352,16,5,221,52,929,225,259,33,233,8,290,84,557,95,15,237,62,16,1,461,33,13,40
105,臺北市大同區,老師里,5409,7,3,103,24,568,171,191,20,118,10,192,68,417,62,17,230,51,12,0,392,40,13,29
105,臺北市大同區,重慶里,5970,20,11,189,34,791,199,211,30,170,8,200,98,425,70,22,205,43,11,1,354,28,9,21
105,臺北市大同區,保安里,3802,9,6,103,21,426,119,130,15,88,2,161,42,286,49,5,131,31,11,3,259,33,5,18
105,臺北市萬華區,福星里,5008,15,11,129,19,565,130,169,26,125,3,215,52,376,76,8,280,46,6,3,300,32,9,36
105,臺北市萬華區,萬壽里,3159,7,3,92,10,386,66,93,12,82,3,187,50,229,32,2,190,21,4,0,158,14,7,12
105,臺北市萬華區,西門里,3482,18,9,115,28,445,94,126,24,98,6,157,52,269,35,8,173,17,7,2,173,17,1,14
105,臺北市萬華區,新起里,6010,22,1,220,37,864,154,196,25,162,1,259,82,402,64,7,275,37,6,2,333,34,8,20
105,臺北市萬華區,菜園里,5574,3,4,112,26,635,146,187,27,115,6,201,59,444,76,8,273,31,4,3,373,33,11,30
105,臺北市萬華區,青山里,5330,8,2,82,16,499,137,135,24,103,4,237,57,391,74,8,316,47,5,0,422,53,16,62
105,臺北市萬華區,富民里,4658,6,3,100,33,441,120,139,24,113,6,187,63,334,71,14,257,29,14,2,373,44,4,36
105,臺北市萬華區,福音里,3453,9,0,96,22,446,94,94,12,81,5,115,41,285,37,11,160,21,5,0,215,18,12,13
105,臺北市萬華區,仁德里,4489,10,4,168,32,653,143,130,14,127,8,165,58,301,37,5,175,33,4,1,235,18,4,18
105,臺北市萬華區,富福里,5775,5,2,113,22,537,131,125,19,116,5,177,62,411,72,9,245,57,10,0,320,37,15,38
105,臺北市萬華區,頂碩里,6793,10,7,155,38,754,183,203,28,147,7,259,66,499,93,12,294,47,5,1,464,59,18,56
105,臺北市萬華區,雙園里,4224,8,1,106,25,486,105,149,19,105,4,141,55,351,54,1,185,20,3,2,252,19,17,27
105,臺北市萬華區,新忠里,3234,7,1,110,20,369,79,106,13,97,6,163,34,200,40,9,151,19,4,1,203,18,11,34
105,臺北市萬華區,新和里,7914,17,11,222,63,1015,240,284,40,248,14,329,115,593,88,19,267,43,7,2,404,49,30,49
105,臺北市萬華區,糖廍里,5081,8,4,126,27,575,147,163,21,123,7,180,59,346,61,8,227,28,7,1,386,29,6,31
105,臺北市萬華區,和平里,6421,4,3,108,34,626,177,190,24,95,8,194,77,505,89,18,320,52,4,0,560,67,24,70
105,臺北市萬華區,綠堤里,4099,3,0,36,10,340,126,106,19,79,4,157,51,336,78,15,220,43,6,0,360,51,9,53
105,臺北市萬華區,華江里,7893,5,3,112,42,847,228,249,41,173,11,325,100,561,93,22,462,45,14,2,583,63,12,73
105,臺北市萬華區,柳鄉里,4959,1,1,50,14,432,110,112,35,86,8,194,43,369,85,6,264,43,9,3,460,53,6,58
105,臺北市萬華區,日善里,3396,6,2,72,24,377,96,122,14,67,8,83,43,299,48,11,139,27,3,2,227,26,7,32
105,臺北市萬華區,新安里,5756,6,1,116,26,556,161,170,33,119,8,214,72,413,100,10,292,45,2,2,439,44,32,72
105,臺北市萬華區,忠德里,3963,5,2,60,21,407,113,161,15,81,7,153,52,286,54,11,177,27,5,0,287,30,20,41
105,臺北市萬華區,孝德里,3068,2,5,40,18,304,88,100,18,53,2,113,33,247,39,9,136,19,5,0,261,26,9,29
105,臺北市萬華區,和德里,6591,4,2,105,38,594,210,156,38,117,10,203,96,484,138,17,389,62,6,1,494,66,22,93
105,臺北市萬華區,錦德里,5085,6,1,95,26,525,138,195,35,105,11,153,54,408,78,8,213,40,5,0,425,44,23,36
105,臺北市萬華區,全德里,3954,9,7,96,21,464,123,140,20,94,5,122,38,299,53,6,154,28,8,0,281,23,17,21
105,臺北市萬華區,保德里,3090,5,1,69,14,370,101,114,9,73,4,98,36,232,29,5,139,18,5,1,218,16,2,14
105,臺北市萬華區,銘德里,4331,4,1,76,25,448,125,139,19,100,8,145,50,378,58,7,224,33,3,1,342,32,16,22
105,臺北市萬華區,榮德里,3343,1,1,52,15,303,73,115,19,54,2,83,29,248,60,5,165,22,6,1,318,28,15,54
105,臺北市萬華區,壽德里,4758,6,2,124,40,580,169,160,16,122,7,132,53,374,70,10,162,26,5,2,309,31,12,27
105,臺北市萬華區,興德里,4351,2,4,69,19,427,131,136,27,79,10,157,48,334,60,6,226,40,7,0,333,42,13,34
105,臺北市萬華區,華中里,5730,11,2,108,23,627,172,200,23,126,9,168,79,427,77,17,252,35,6,1,505,49,25,50
105,臺北市萬華區,日祥里,5127,12,4,109,32,532,128,166,22,119,5,189,61,380,98,9,222,40,1,2,390,53,16,57
105,臺北市萬華區,忠貞里,4587,5,3,78,21,466,126,152,19,126,7,219,53,306,54,5,258,34,5,1,324,44,15,54
105,臺北市萬華區,凌霄里,3485,2,4,61,24,334,84,123,17,72,2,146,34,280,55,6,182,34,2,1,275,37,21,48
105,臺北市萬華區,騰雲里,2899,3,1,67,19,347,90,93,9,89,5,107,35,228,29,5,108,19,2,0,190,20,15,15
105,臺北市文山區,景行里,6302,23,6,238,47,967,185,290,24,175,8,207,101,491,67,13,168,35,7,2,300,26,4,25
105,臺北市文山區,景東里,6400,17,17,265,72,994,214,288,11,198,7,219,126,431,66,16,167,24,3,0,266,28,10,22
105,臺北市文山區,景美里,4602,20,1,215,52,780,131,177,11,162,2,142,65,299,20,8,131,16,2,0,172,19,6,14
105,臺北市文山區,景慶里,5912,17,11,204,41,867,186,243,17,161,8,213,78,433,53,17,189,19,7,0,303,26,13,26
105,臺北市文山區,景仁里,4154,17,5,198,35,656,135,181,14,129,2,132,62,257,27,8,99,21,1,0,180,22,6,19
105,臺北市文山區,景華里,5241,16,11,230,54,811,165,224,19,157,8,187,85,383,43,12,151,18,4,0,227,22,4,18
105,臺北市文山區,萬有里,4997,23,10,221,61,829,150,187,14,148,7,163,95,298,47,9,123,14,3,0,204,15,5,18
105,臺北市文山區,萬祥里,4104,9,4,174,38,637,127,171,10,130,5,135,50,272,41,13,119,21,5,0,186,19,7,17
105,臺北市文山區,萬隆里,6512,20,9,307,92,1126,208,242,16,209,6,199,106,411,59,16,163,27,4,0,242,35,10,26
105,臺北市文山區,萬年里,4911,25,8,241,44,818,143,164,24,154,9,137,67,282,48,2,128,25,5,0,200,28,6,18
105,臺北市文山區,萬和里,3006,17,8,136,34,406,73,110,15,96,5,90,49,192,24,6,92,14,2,1,178,19,14,38
105,臺北市文山區,萬盛里,4377,29,5,215,48,683,134,162,13,134,6,151,69,265,31,9,117,17,3,0,172,25,15,18
105,臺北市文山區,興豐里,4455,14,8,184,38,701,144,160,19,140,5,140,76,283,42,3,125,23,5,1,177,26,9,24
105,臺北市文山區,興光里,3081,12,2,132,27,451,114,119,10,88,4,89,53,213,43,5,99,15,5,0,149,18,11,18
105,臺北市文山區,興家里,6839,15,7,209,38,1033,228,221,33,212,7,242,79,484,71,12,245,39,5,1,269,34,19,35
105,臺北市文山區,興得里,5444,12,8,213,55,799,188,182,14,157,6,187,61,374,59,21,198,25,3,2,251,27,6,23
105,臺北市文山區,興業里,4965,18,2,227,40,773,159,183,14,163,8,178,56,311,51,7,135,20,0,0,202,24,10,21
105,臺北市文山區,興安里,5955,20,10,286,61,968,196,222,14,192,6,199,97,358,38,13,165,24,3,0,238,29,16,12
105,臺北市文山區,興福里,5211,11,3,188,42,734,174,209,15,161,6,165,70,387,47,14,153,20,7,0,253,25,6,17
105,臺北市文山區,興旺里,7519,19,8,258,58,1160,211,318,32,257,12,280,96,557,77,23,187,39,4,0,289,39,15,30
105,臺北市文山區,興泰里,3612,15,5,140,34,551,113,144,15,109,6,103,54,257,25,9,96,27,3,0,177,18,7,21
105,臺北市文山區,興昌里,6101,37,16,312,58,1051,204,247,21,198,12,209,104,326,50,8,132,26,3,0,181,25,6,16
105,臺北市文山區,試院里,6252,27,10,263,62,988,220,249,31,200,6,216,96,395,62,9,180,33,1,1,210,25,10,29
105,臺北市文山區,華興里,8009,36,17,358,68,1199,264,283,22,214,15,259,132,525,80,11,209,38,1,1,341,44,15,44
105,臺北市文山區,明義里,3941,11,5,74,22,396,206,109,14,72,9,147,61,238,107,12,201,54,0,2,214,64,9,43
105,臺北市文山區,明興里,6349,16,9,219,57,931,206,259,22,196,7,182,113,442,74,15,195,21,6,0,295,34,13,41
105,臺北市文山區,木柵里,7983,43,11,341,76,1185,276,326,26,232,5,295,145,511,62,13,235,35,1,0,362,52,7,28
105,臺北市文山區,木新里,9358,28,17,288,55,1126,285,317,43,213,10,307,123,662,136,13,332,82,10,2,455,71,21,58
105,臺北市文山區,順興里,6825,16,5,209,44,903,235,254,31,175,6,204,126,482,99,12,257,38,8,0,334,51,10,43
105,臺北市文山區,樟林里,7730,19,12,277,63,1154,248,340,32,202,9,261,111,455,82,13,227,42,12,1,362,49,9,30
105,臺北市文山區,樟新里,4963,19,8,200,43,764,190,196,22,143,4,172,100,322,43,8,114,23,4,0,184,20,7,12
105,臺北市文山區,樟腳里,5092,23,4,195,47,721,204,180,17,138,1,126,84,350,39,6,186,28,4,0,223,33,7,31
105,臺北市文山區,萬芳里,7239,29,7,316,69,1096,262,286,33,215,9,262,116,478,87,4,202,42,5,1,279,32,8,38
105,臺北市文山區,博嘉里,5220,16,8,223,38,757,176,181,18,153,2,144,69,352,54,8,168,35,3,1,243,34,7,45
105,臺北市文山區,萬興里,7460,66,14,439,77,1083,280,266,21,168,4,212,129,419,66,13,182,35,3,1,284,41,5,45
105,臺北市文山區,指南里,3487,26,10,167,31,404,99,109,16,66,2,96,39,211,51,9,102,17,1,0,143,25,9,47
105,臺北市文山區,老泉里,827,1,0,7,3,67,27,25,5,11,1,16,10,71,21,6,38,8,0,0,59,8,6,17
105,臺北市文山區,忠順里,3750,17,2,152,34,566,116,159,19,111,3,143,65,245,27,6,109,18,4,0,141,17,5,16
105,臺北市文山區,萬美里,6736,24,11,289,42,959,254,246,23,221,9,273,79,473,70,12,191,41,5,1,230,35,10,24
105,臺北市文山區,政大里,6389,64,24,429,78,1103,243,238,18,200,6,171,154,280,48,12,96,34,2,0,122,25,5,19
105,臺北市文山區,樟文里,5559,17,7,171,42,761,185,226,24,147,8,161,111,397,55,11,198,19,6,2,253,33,11,22
105,臺北市文山區,興邦里,4466,11,4,187,41,709,144,201,24,171,3,139,68,286,46,6,121,19,0,0,190,19,7,11
105,臺北市文山區,樟樹里,4416,10,7,153,28,570,157,174,23,126,3,122,75,339,48,5,166,25,1,0,232,28,6,29
105,臺北市南港區,南港里,5742,5,2,130,25,706,176,211,25,152,6,163,81,401,71,10,180,29,2,2,345,33,4,32
105,臺北市南港區,中南里,3423,2,2,62,11,350,91,129,18,72,4,111,44,280,63,12,126,24,0,1,270,27,11,29
105,臺北市南港區,新富里,3685,6,3,86,15,464,102,145,21,86,3,106,37,275,50,9,126,17,1,0,258,21,8,24
105,臺北市南港區,三重里,6202,21,19,337,50,1030,165,209,16,176,8,176,90,339,58,7,167,44,3,1,269,23,9,31
105,臺北市南港區,東新里,6621,9,7,142,42,767,191,248,34,151,6,186,94,514,96,26,280,45,0,0,459,35,15,61
105,臺北市南港區,新光里,3450,3,2,101,17,440,108,131,13,111,3,97,41,253,51,7,130,23,3,0,240,18,12,23
105,臺北市南港區,東明里,4218,10,4,170,30,645,125,168,14,120,4,116,62,269,50,13,119,21,2,0,192,12,3,19
105,臺北市南港區,西新里,4357,3,2,97,20,558,155,137,18,95,7,103,49,326,71,15,165,26,1,0,335,20,8,25
105,臺北市南港區,玉成里,4425,6,4,94,24,566,134,162,20,122,10,138,52,346,59,14,173,36,3,0,278,26,8,21
105,臺北市南港區,合成里,6352,12,6,186,32,868,171,225,22,166,11,183,92,498,73,20,237,43,2,0,395,33,5,53
105,臺北市南港區,成福里,6967,6,5,208,49,982,208,225,42,192,12,238,74,490,99,13,238,37,3,0,420,47,9,38
105,臺北市南港區,萬福里,3942,8,6,126,31,548,125,141,11,128,8,124,37,300,45,5,126,18,0,1,227,30,13,30
105,臺北市南港區,鴻福里,4228,6,4,139,23,586,141,149,11,122,5,131,51,351,47,12,130,27,1,1,238,25,4,35
105,臺北市南港區,百福里,4944,3,3,120,38,616,154,191,24,130,3,141,55,387,64,8,195,30,6,1,318,38,12,34
105,臺北市南港區,聯成里,4707,3,3,104,27,632,164,161,29,112,6,163,53,351,59,8,155,30,2,1,286,32,18,39
105,臺北市南港區,舊莊里,8384,14,9,158,46,915,265,273,55,192,6,226,115,682,154,31,365,60,1,0,564,61,17,80
105,臺北市南港區,中研里,8447,80,14,301,68,1203,255,280,40,231,13,229,93,552,85,23,264,40,6,1,472,46,19,51
105,臺北市南港區,九如里,5804,20,8,137,35,700,170,195,27,150,13,189,50,419,84,13,234,43,4,0,334,38,11,53
105,臺北市南港區,仁福里,5132,4,8,150,34,624,167,218,21,165,7,168,84,426,66,10,146,27,2,1,249,23,6,31
105,臺北市南港區,重陽里,4646,20,6,258,47,787,153,164,29,163,11,133,81,266,41,9,105,20,1,0,139,19,5,7
105,臺北市內湖區,西湖里,6755,15,5,207,49,960,207,228,35,250,11,195,66,514,57,22,231,36,11,1,353,31,11,33
105,臺北市內湖區,西康里,8586,24,9,387,63,1351,301,290,35,314,14,273,118,538,81,22,232,61,5,0,338,42,12,31
105,臺北市內湖區,西安里,6090,14,6,224,60,987,212,200,9,233,12,210,77,452,48,7,160,22,2,0,249,16,5,22
105,臺北市內湖區,港墘里,5477,8,2,192,45,889,180,198,20,222,9,175,95,364,43,12,135,27,7,0,242,21,2,38
105,臺北市內湖區,港都里,4955,10,6,184,31,783,167,179,20,184,8,155,74,342,54,11,142,16,2,0,228,24,6,20
105,臺北市內湖區,港富里,8612,13,10,270,81,1245,300,326,32,299,12,292,126,592,84,22,299,58,3,0,419,42,12,45
105,臺北市內湖區,港華里,8024,16,11,283,58,1325,242,310,38,263,12,237,121,570,68,19,218,36,5,1,323,34,3,48
105,臺北市內湖區,內湖里,5430,9,3,212,45,811,194,190,17,226,14,209,82,384,61,11,172,24,5,0,241,23,12,16
105,臺北市內湖區,湖濱里,7454,22,14,311,63,1249,278,282,20,348,4,212,106,459,49,12,195,37,8,0,256,38,4,25
105,臺北市內湖區,紫星里,7310,8,6,217,59,1091,230,244,24,239,6,233,89,569,68,19,256,35,11,2,342,43,8,33
105,臺北市內湖區,大湖里,5039,13,8,225,39,926,195,163,17,223,6,162,70,300,34,8,118,19,4,0,133,19,3,10
105,臺北市內湖區,金龍里,4936,7,3,135,38,656,144,147,23,167,11,190,47,385,41,10,183,21,7,2,254,19,5,21
105,臺北市內湖區,金瑞里,6083,11,8,204,41,922,163,218,31,205,5,200,94,445,56,16,238,27,3,0,281,38,7,23
105,臺北市內湖區,碧山里,6344,8,6,196,40,898,211,203,21,222,13,191,90,492,64,13,244,38,5,2,280,36,5,30
105,臺北市內湖區,紫雲里,5362,10,7,160,37,708,183,221,23,175,5,176,86,374,56,13,167,32,11,0,275,30,15,41
105,臺北市內湖區,清白里,7601,23,8,368,66,1364,261,306,17,297,15,250,150,481,48,11,167,42,9,1,208,33,6,19
105,臺北市內湖區,葫洲里,6344,6,8,278,59,1043,257,247,17,265,10,185,129,405,63,24,157,30,3,0,180,19,5,12
105,臺北市內湖區,紫陽里,7432,16,9,284,59,1244,231,254,26,256,21,235,106,484,55,13,203,36,9,0,272,26,10,22
105,臺北市內湖區,瑞陽里,7197,17,7,251,60,1097,237,238,22,278,16,246,114,443,72,14,210,36,8,1,366,39,5,27
105,臺北市內湖區,瑞光里,4248,5,4,141,38,674,141,153,16,144,9,131,53,326,34,6,150,24,5,0,188,8,7,21
105,臺北市內湖區,五分里,9454,12,6,225,64,1223,326,444,49,281,17,292,148,757,147,49,350,61,9,0,476,54,10,36
105,臺北市內湖區,東湖里,7020,4,2,163,40,953,237,254,26,242,12,229,104,586,106,34,264,39,3,1,329,36,9,26
105,臺北市內湖區,樂康里,7806,6,12,174,45,1112,259,325,28,231,14,261,109,653,88,25,293,37,4,1,365,32,14,43
105,臺北市內湖區,內溝里,4396,6,5,126,31,608,133,161,19,150,5,132,62,308,66,21,144,17,2,0,193,20,14,22
105,臺北市內湖區,週美里,7116,13,5,259,48,1034,178,228,30,199,8,207,81,538,67,11,270,25,1,1,411,42,14,44
105,臺北市內湖區,行善里,6175,7,6,148,32,726,175,213,23,163,10,210,87,462,85,15,240,29,4,2,383,42,11,49
105,臺北市內湖區,石潭里,3460,11,3,143,32,562,104,126,12,102,2,115,37,232,32,5,96,19,6,0,162,17,7,21
105,臺北市內湖區,湖興里,7850,13,10,247,43,1093,226,225,24,257,7,283,89,588,98,16,238,41,4,1,325,56,4,44
105,臺北市內湖區,湖元里,5019,5,4,160,36,785,151,161,12,180,6,168,68,366,56,11,155,23,8,0,186,23,6,21
105,臺北市內湖區,安湖里,6987,6,2,188,39,1032,270,301,35,229,9,204,129,555,79,35,212,41,7,0,264,26,16,21
105,臺北市內湖區,秀湖里,5794,14,6,254,47,917,218,205,12,237,13,206,93,383,40,11,122,27,7,1,178,16,3,16
105,臺北市內湖區,安泰里,4993,6,3,130,31,662,166,181,25,153,9,183,67,389,63,25,189,26,3,1,235,33,6,17
105,臺北市內湖區,金湖里,8403,23,13,456,49,1622,310,339,20,365,10,251,206,427,44,17,168,40,5,0,173,26,9,21
105,臺北市內湖區,康寧里,7918,23,8,264,56,1215,269,346,27,320,8,283,153,535,89,21,223,40,10,0,242,29,8,23
105,臺北市內湖區,明湖里,4789,5,8,136,43,706,171,230,19,167,9,154,81,363,48,21,139,30,4,2,196,22,5,17
105,臺北市內湖區,蘆洲里,1192,0,0,8,2,106,35,33,4,14,0,41,16,105,21,4,54,4,3,0,88,12,3,1
105,臺北市內湖區,麗山里,5346,11,7,210,38,803,172,186,23,184,9,174,71,387,49,12,179,33,7,0,221,19,8,20
105,臺北市內湖區,寶湖里,7469,38,23,434,74,1347,191,269,18,306,14,209,141,393,47,10,143,22,5,1,192,17,4,16
105,臺北市內湖區,南湖里,4922,17,6,256,46,851,229,221,13,222,8,135,132,277,28,11,83,25,6,0,94,16,4,10
105,臺北市士林區,仁勇里,3620,3,2,104,24,421,107,122,21,98,4,136,65,276,49,7,145,15,1,1,237,26,7,11
105,臺北市士林區,義信里,2905,8,2,84,22,359,92,119,11,70,3,96,48,233,25,8,105,21,0,0,188,13,2,17
105,臺北市士林區,福林里,2767,12,4,94,22,395,83,108,8,72,1,87,38,186,22,5,85,17,3,1,184,16,2,20
105,臺北市士林區,福德里,5492,14,8,166,38,623,148,171,14,165,6,201,66,348,48,12,180,37,1,2,242,41,5,24
105,臺北市士林區,福志里,6993,36,7,312,66,1161,223,239,17,226,6,279,79,430,53,10,188,37,6,2,301,29,11,27
105,臺北市士林區,舊佳里,5708,23,2,220,47,809,197,177,18,174,5,193,78,417,55,9,175,31,5,0,326,31,9,38
105,臺北市士林區,福佳里,7092,12,9,271,54,1030,217,247,29,203,10,218,97,487,73,12,258,40,2,0,397,31,4,35
105,臺北市士林區,後港里,7519,8,7,196,51,970,203,270,23,189,9,258,95,578,86,7,298,34,2,0,430,51,10,53
105,臺北市士林區,福中里,6184,10,3,163,35,796,156,273,30,165,12,171,77,509,75,15,230,34,2,0,380,48,18,37
105,臺北市士林區,前港里,4153,7,2,113,26,564,107,151,25,106,4,136,48,339,57,11,157,22,1,0,260,20,4,27
105,臺北市士林區,百齡里,6449,5,3,178,38,822,173,241,24,159,9,208,74,491,75,10,263,33,3,1,422,45,12,33
105,臺北市士林區,承德里,5184,10,4,176,39,813,136,181,21,160,9,199,63,354,55,8,161,28,11,0,304,16,5,21
105,臺北市士林區,福華里,5889,3,1,117,26,591,164,201,33,124,5,223,71,489,96,9,318,32,8,0,441,56,17,48
105,臺北市士林區,明勝里,4590,9,6,143,38,603,121,175,15,135,5,159,60,361,45,11,158,24,7,0,271,24,5,19
105,臺北市士林區,福順里,4829,8,3,95,27,511,133,171,24,104,7,145,67,366,72,9,200,31,4,1,407,26,14,30
105,臺北市士林區,富光里,5414,4,4,94,26,507,184,194,33,99,6,152,69,420,66,21,255,44,2,1,477,52,17,67
105,臺北市士林區,葫蘆里,6960,8,4,145,43,821,201,282,35,148,5,233,93,532,105,16,286,40,5,1,547,56,9,41
105,臺北市士林區,葫東里,3773,7,0,77,28,436,126,140,20,86,3,133,42,305,47,11,150,25,3,0,276,20,4,27
105,臺北市士林區,社子里,5913,8,3,106,39,588,170,197,31,120,7,200,82,459,89,10,266,52,4,1,501,42,12,44
105,臺北市士林區,社新里,8328,3,4,116,42,873,227,291,32,159,8,250,119,684,125,18,376,56,6,2,701,58,20,56
105,臺北市士林區,社園里,6676,5,3,109,32,686,195,246,38,114,8,195,66,528,83,21,299,41,4,0,586,60,12,47
105,臺北市士林區,永倫里,6707,3,4,143,30,698,192,247,32,136,11,208,71,506,78,13,292,29,4,1,589,43,8,47
105,臺北市士林區,福安里,4508,2,1,34,20,333,129,141,25,57,4,129,54,298,91,19,221,43,0,0,403,58,6,46
105,臺北市士林區,富洲里,5423,5,3,58,23,480,144,169,31,84,5,131,56,388,91,19,244,35,5,2,442,64,14,67
105,臺北市士林區,岩山里,3158,9,1,124,12,470,94,113,6,105,3,129,46,221,26,5,97,20,3,0,134,17,3,12
105,臺北市士林區,名山里,6609,24,14,255,51,1058,235,241,24,248,7,237,108,430,60,13,182,44,4,1,296,16,10,30
105,臺北市士林區,德行里,3987,10,9,145,33,599,123,149,14,122,4,159,48,314,35,4,148,21,1,1,203,24,5,12
105,臺北市士林區,德華里,5147,13,5,171,45,756,158,179,18,158,4,186,65,361,55,9,187,26,0,2,307,23,15,22
105,臺北市士林區,聖山里,4702,11,7,206,38,738,186,136,15,159,2,169,64,336,41,4,143,31,3,0,189,17,5,15
105,臺北市士林區,忠誠里,5177,22,7,230,41,810,151,183,16,197,6,214,78,319,37,4,137,25,4,1,188,21,6,15
105,臺北市士林區,芝山里,6929,14,11,280,61,1119,263,203,19,259,12,238,118,468,56,12,184,30,8,0,251,27,7,15
105,臺北市士林區,東山里,4758,13,5,156,36,663,172,164,16,142,6,188,71,313,44,6,139,27,1,0,248,29,9,11
105,臺北市士林區,三玉里,5368,12,11,227,52,870,179,203,16,178,7,202,79,387,38,4,166,24,5,0,207,17,1,20
105,臺北市士林區,蘭雅里,7965,26,10,309,63,1314,244,243,32,278,11,319,109,564,58,17,219,51,10,2,327,36,11,40
105,臺北市士林區,蘭興里,5967,21,7,251,54,915,229,212,17,249,6,223,92,413,40,4,159,27,5,1,238,19,6,19
105,臺北市士林區,天福里,5656,13,11,234,52,934,202,216,16,209,6,210,103,387,42,5,148,32,3,0,218,26,7,15
105,臺北市士林區,天祿里,4728,12,7,202,49,803,148,154,13,189,7,188,69,334,33,7,132,12,3,0,191,17,8,14
105,臺北市士林區,天壽里,4581,20,6,212,34,784,181,165,16,192,3,175,84,278,25,6,107,23,5,2,150,20,3,11
105,臺北市士林區,天和里,6885,23,12,305,63,1183,247,260,19,256,11,247,129,415,47,9,169,26,5,0,210,27,2,16
105,臺北市士林區,天山里,6386,18,10,290,86,1126,239,241,11,243,11,239,113,363,39,9,171,29,5,0,171,13,6,13
105,臺北市士林區,天玉里,7926,30,10,384,66,1469,277,256,24,326,10,346,157,443,42,9,200,38,1,0,261,29,3,9
105,臺北市士林區,天母里,6093,20,7,308,48,1048,201,185,18,250,10,230,92,362,32,9,159,38,8,0,193,26,4,28
105,臺北市士林區,永福里,1179,8,0,36,6,126,37,29,3,23,2,62,20,77,12,3,48,5,1,0,86,8,4,6
105,臺北市士林區,公館里,1314,2,2,21,2,124,38,41,7,27,1,58,13,79,14,5,64,8,0,0,97,12,4,12
105,臺北市士林區,新安里,1844,10,4,48,12,188,67,57,4,47,3,74,24,104,22,5,65,18,2,0,128,16,1,16
105,臺北市士林區,陽明里,2869,10,2,98,29,397,81,77,8,77,2,119,26,162,20,4,114,14,3,0,210,19,7,20
105,臺北市士林區,菁山里,1519,2,0,18,3,132,44,44,8,22,0,54,18,98,21,2,56,7,1,0,138,12,4,17
105,臺北市士林區,平等里,1414,0,0,14,5,115,56,49,4,24,1,41,9,111,25,2,64,4,0,1,134,16,9,7
105,臺北市士林區,溪山里,1360,1,0,11,3,100,30,37,6,25,2,49,25,108,20,3,62,8,2,0,131,17,6,14
105,臺北市士林區,翠山里,2524,18,4,107,30,424,75,69,6,104,3,104,18,147,12,5,90,17,2,1,82,4,1,5
105,臺北市士林區,臨溪里,2754,12,3,88,23,433,80,71,7,75,8,105,44,176,15,3,87,21,3,0,122,12,12,19
105,臺北市北投區,建民里,3918,7,2,141,23,544,126,120,16,131,9,118,56,289,42,7,138,15,3,0,214,19,8,16
105,臺北市北投區,文林里,3856,3,5,140,29,543,117,131,11,108,8,141,48,262,39,5,134,19,2,0,234,30,1,8
105,臺北市北投區,石牌里,4886,9,9,158,44,689,148,152,18,157,2,150,71,348,55,12,185,32,2,0,303,29,4,28
105,臺北市北投區,福興里,6271,14,9,218,43,861,195,256,19,199,9,200,105,483,73,12,228,45,4,0,327,31,6,26
105,臺北市北投區,榮光里,6524,13,2,178,40,843,206,270,32,204,12,220,116,490,60,14,264,55,4,1,388,30,10,29
105,臺北市北投區,榮華里,6810,34,11,318,57,1109,256,224,25,245,7,259,111,383,57,10,169,35,7,1,259,30,6,21
105,臺北市北投區,裕民里,7026,19,8,239,50,1127,227,225,25,247,16,222,109,474,50,18,221,44,6,1,341,27,8,26
105,臺北市北投區,振華里,6979,17,6,241,56,1036,233,226,29,246,12,236,94,513,70,10,209,44,5,1,370,31,11,26
105,臺北市北投區,永和里,8340,37,4,335,75,1330,278,259,28,325,13,312,142,549,87,17,212,37,9,1,317,43,7,33
105,臺北市北投區,永欣里,7066,47,47,352,84,1312,256,188,12,267,8,244,113,386,42,5,143,31,7,1,230,26,9,18
105,臺北市北投區,永明里,4285,18,3,174,30,697,148,146,17,146,3,143,74,275,36,12,124,17,2,1,207,26,6,21
105,臺北市北投區,東華里,3988,17,3,140,36,563,118,142,9,131,7,129,57,287,38,11,142,19,4,1,226,20,4,25
105,臺北市北投區,吉利里,6117,13,10,205,48,883,185,218,27,211,8,185,108,465,49,13,212,37,4,2,317,35,8,32
105,臺北市北投區,吉慶里,4641,12,7,140,44,698,155,181,27,144,7,146,77,317,55,10,156,26,4,0,253,22,4,14
105,臺北市北投區,尊賢里,4211,4,4,120,36,569,110,190,11,111,5,143,71,307,55,8,178,32,2,0,239,22,6,19
105,臺北市北投區,立賢里,4862,6,2,155,35,691,136,191,17,145,13,145,58,408,62,15,173,41,4,0,253,26,6,23
105,臺北市北投區,立農里,8101,19,9,230,78,1111,237,314,27,249,9,253,149,581,88,26,275,52,1,1,491,40,12,35
105,臺北市北投區,八仙里,5089,11,10,128,34,708,163,174,21,153,6,181,62,366,54,15,174,31,1,1,286,23,10,35
105,臺北市北投區,洲美里,1876,2,2,21,9,168,59,68,8,34,1,58,27,159,23,9,73,14,0,0,164,14,2,13
105,臺北市北投區,奇岩里,9065,21,5,269,57,1264,279,327,35,260,18,280,137,649,106,14,303,63,5,0,483,39,4,53
105,臺北市北投區,清江里,8865,10,4,156,41,937,230,284,46,215,8,249,102,700,137,34,388,62,3,1,616,78,13,63
105,臺北市北投區,中央里,7900,20,6,219,51,979,264,282,36,194,7,224,115,656,87,25,301,69,7,1,477,57,19,48
105,臺北市北投區,長安里,5634,10,5,162,38,741,182,200,20,205,11,211,98,464,77,16,195,43,3,2,305,35,9,32
105,臺北市北投區,大同里,5450,11,5,160,36,676,171,199,23,131,6,140,79,416,65,26,205,29,2,0,326,36,12,33
105,臺北市北投區,溫泉里,6176,13,7,182,56,841,219,205,29,170,7,204,79,503,55,11,232,27,6,0,364,35,12,34
105,臺北市北投區,林泉里,2896,6,3,86,30,357,75,107,20,87,9,125,35,217,28,9,119,26,2,0,138,22,2,8
105,臺北市北投區,中心里,6001,16,10,196,39,914,193,201,27,189,6,249,82,448,62,13,217,34,0,0,287,30,8,19
105,臺北市北投區,中庸里,3988,3,4,73,30,475,109,152,21,86,4,131,54,323,48,11,157,24,2,2,293,22,2,36
105,臺北市北投區,開明里,6125,14,5,170,40,819,193,194,31,153,15,217,84,454,78,21,225,51,7,0,366,31,7,32
105,臺北市北投區,中和里,4588,10,4,131,42,634,145,151,21,123,9,166,49,342,41,9,166,39,2,0,250,30,4,31
105,臺北市北投區,智仁里,5665,11,9,138,36,730,170,211,29,155,9,193,88,422,67,19,242,35,4,2,355,45,9,40
105,臺北市北投區,秀山里,3061,4,6,60,11,352,75,93,21,72,4,89,40,211,52,15,154,26,1,0,224,28,6,31
105,臺北市北投區,文化里,3776,11,9,145,37,540,112,157,18,103,3,110,68,257,35,10,121,24,0,0,166,23,5,20
105,臺北市北投區,豐年里,4050,5,3,69,10,451,115,155,15,94,8,142,50,328,50,10,179,26,2,0,291,43,7,45
105,臺北市北投區,稻香里,5020,6,2,121,24,577,156,158,22,126,5,168,59,349,76,20,209,36,6,1,324,35,13,40
105,臺北市北投區,桃源里,5581,12,6,143,32,675,176,176,23,125,4,141,80,436,77,15,219,38,1,0,367,44,12,36
105,臺北市北投區,一德里,6680,15,7,149,47,829,191,248,29,136,15,183,96,533,82,28,267,38,2,1,428,38,13,59
105,臺北市北投區,關渡里,10303,24,9,245,58,1252,263,363,49,260,17,299,146,774,127,29,431,75,3,0,655,67,23,65
105,臺北市北投區,泉源里,2228,3,1,42,5,198,56,54,6,26,4,69,32,172,40,9,100,12,1,0,159,36,9,28
105,臺北市北投區,湖山里,1624,3,4,32,2,145,32,42,4,46,4,59,16,118,12,7,58,6,1,0,142,14,6,26
105,臺北市北投區,大屯里,1111,4,0,20,6,99,17,34,4,26,3,39,9,83,21,4,46,7,3,0,78,13,3,17
105,臺北市北投區,湖田里,928,0,0,11,1,69,20,25,2,14,3,22,15,71,15,3,32,4,0,0,90,8,1,13